INSERT INTO ACCOUNT_TYPE VALUES ( 'AT001', '500000');
INSERT INTO ACCOUNT_TYPE VALUES ( 'AT002', '1000000');
INSERT INTO ACCOUNT_TYPE VALUES ( 'AT003', '1500000');
INSERT INTO ACCOUNT_TYPE VALUES ( 'AT004', '2000000');
INSERT INTO ACCOUNT_TYPE VALUES ( 'AT005', '3000000');
INSERT INTO ACCOUNT_TYPE VALUES ( 'AT006', '4000000');
INSERT INTO ACCOUNT_TYPE VALUES ( 'AT007', '5000000');
INSERT INTO ACCOUNT_TYPE VALUES ( 'AT008', '6000000');
INSERT INTO ACCOUNT_TYPE VALUES ( 'AT009', '7000000');
INSERT INTO ACCOUNT_TYPE VALUES ( 'AT010', '8000000');
INSERT INTO ACCOUNT_TYPE VALUES ( 'AT011', '9000000');
INSERT INTO ACCOUNT_TYPE VALUES ( 'AT012', '10000000');
INSERT INTO ACCOUNT_TYPE VALUES ( 'AT013', '12000000');
INSERT INTO ACCOUNT_TYPE VALUES ( 'AT014', '14000000');
INSERT INTO ACCOUNT_TYPE VALUES ( 'AT015', '15000000');
INSERT INTO ACCOUNT_TYPE VALUES ( 'AT016', '17000000');
INSERT INTO ACCOUNT_TYPE VALUES ( 'AT017', '19000000');
INSERT INTO ACCOUNT_TYPE VALUES ( 'AT018', '20000000');
INSERT INTO ACCOUNT_TYPE VALUES ( 'AT019', '22000000');
INSERT INTO ACCOUNT_TYPE VALUES ( 'AT020', '25000000');

INSERT INTO ACCOUNT VALUES ( '3225015201880002', 'AT008', 'Firmansyah Dalima', 'firmansyah.dalima@haryanti.com', '081652225552', 'Dk. Lembong No. 366, Palu 59563, SulBar', 'L', '1981-03-31', '346538701755490', 'Akuntan', '4500000', '2020-08-05', '082286222832', 'Istri',load_file('D:/foto/ktp.jpg'),load_file('D:/foto/npwp.jpg'),load_file('D:/foto/L1.jpg'),load_file('D:/foto/tb1.jpg'),'5.0');
INSERT INTO ACCOUNT VALUES ( '3525017006950028', 'AT002', 'Emin Setiawan', 'srajasa@waskita.my.id', '083605213808', 'Jln. Jaksa No. 328, Sukabumi 72631, KepR', 'L', '2002-12-02', '30466577741298', 'Mahasiswa', '525000', '2020-05-14', '083062574945', 'Ayah',load_file('D:/foto/ktp.jpg'),NULL,load_file('D:/foto/L2.jpg'),load_file('D:/foto/tb2.jpg'),'5.0');
INSERT INTO ACCOUNT VALUES ( '3526013006580042', 'AT020', 'Koko Santoso', 'santoso.koko@gmail.com', '081161747615', 'Jl. Raden No. 702, Tarakan 47800, KepR', 'L', '2000-02-04', '38456933526543', 'Pengusaha', '25000000', '2021-11-20', '082563322782', 'Istri',load_file('D:/foto/ktp.jpg'),load_file('D:/foto/npwp.jpg'),load_file('D:/foto/L3.jpg'),load_file('D:/foto/tb3.jpg'),'5.0');
INSERT INTO ACCOUNT VALUES ( '3525015212920003', 'AT012', 'Jagapati Sihotang', 'jati62@prasetyo.org', '088242039109', 'Jln. Padma No. 56, Banjar 25622, KalBar', 'L', '1983-08-03', '6011564357634764', 'Petani', '700000', '2021-07-16', '088769325475', 'Sepupu',load_file('D:/foto/ktp.jpg'),load_file('D:/foto/npwp.jpg'),load_file('D:/foto/L4.jpg'),load_file('D:/foto/tb1.jpg'),'5.0');
INSERT INTO ACCOUNT VALUES ( '2125010609510002', 'AT018', 'Aswani Winarno', 'aswani.winarno@sirait.id', '087949941045', 'Ki. Yosodipuro No. 187, Denpasar 54495, Bali', 'L', '1992-07-21', '6011282453006783', 'Karyawan Swasta', '18000000', '2020-09-17', '089712792021', 'Istri',load_file('D:/foto/ktp.jpg'),load_file('D:/foto/npwp.jpg'),load_file('D:/foto/L5.jpg'),load_file('D:/foto/tb1.jpg'),'5.0');
INSERT INTO ACCOUNT VALUES ( '3525017006750042', 'AT015', 'Bakianto Astuti', 'astuti.bakianto@handayani.net', '087289269243', 'Ki. Honggowongso No. 918, Palu 28996, Banten', 'L', '1982-06-13', '6011213921695956', 'Karyawan Swasta', '10500000', '2020-04-26', '082351310923', 'Kakak',load_file('D:/foto/ktp.jpg'),load_file('D:/foto/npwp.jpg'),load_file('D:/foto/L6.jpg'),load_file('D:/foto/tb3.jpg'),'4.2');
INSERT INTO ACCOUNT VALUES ( '3525017006540043', 'AT012', 'Koko Simanjuntak', 'ksimanjuntak@yahoo.co.id', '083464873474', 'Psr. Wahidin No. 859, Pagar Alam 15679, Banten', 'L', '1991-03-20', '6011637760231715', 'Guru', '9500000', '2021-11-12', '082294861754', 'Istri',load_file('D:/foto/ktp.jpg'),load_file('D:/foto/npwp.jpg'),load_file('D:/foto/L7.jpg'),load_file('D:/foto/tb1.jpg'),'5.0');
INSERT INTO ACCOUNT VALUES ( '3314076404720003', 'AT020', 'Harto Najmudin', 'ojailani@gmail.com', '088596442803', 'Ki. Urip Sumoharjo No. 979, Madiun 53498, Lampung', 'L', '1997-10-06', '346862444938258', 'Dosen', '45000000', '2021-10-26', '082997496367', 'Adik',load_file('D:/foto/ktp.jpg'),load_file('D:/foto/npwp.jpg'),load_file('D:/foto/L8.jpg'),load_file('D:/foto/tb1.jpg'),'5.0');
INSERT INTO ACCOUNT VALUES ( '3326162001730002', 'AT020', 'Johan', 'johan72@gmail.co.id', '085754282059', 'Jln. Perintis Kemerdekaan No. 155, Pekalongan 89404, SumSel', 'L', '1976-12-14', '30585175010887', 'Dokter', '34500000', '2019-10-02', '087006415572', 'Istri',load_file('D:/foto/ktp.jpg'),load_file('D:/foto/npwp.jpg'),load_file('D:/foto/L9.jpg'),load_file('D:/foto/tb1.jpg'),'5.0');
INSERT INTO ACCOUNT VALUES ( '3326164807880001', 'AT015', 'Mulyanto', 'mulyanto50@gmail.co.id', '088108517458', 'Dk. Asia Afrika No. 892, Sabang 45908, NTB', 'L', '1994-01-04', '30446372565415', 'Karyawan Swasta', '14000000', '2021-11-19', '081077773301', 'Kakak',load_file('D:/foto/ktp.jpg'),load_file('D:/foto/npwp.jpg'),load_file('D:/foto/L10.jpg'),load_file('D:/foto/tb3.jpg'),'5.0');
INSERT INTO ACCOUNT VALUES ( '3326160802090001', 'AT018', 'Wibowo Kalim', 'wibowo.kalim@yahoo.com', '087030959991', 'Ds. Karel S. Tubun No. 417, Cilegon 69462, DIY', 'L', '1993-10-24', '30540714914073', 'Akuntan', '15500000', '2019-07-21', '083004290934', 'Kakak',load_file('D:/foto/ktp.jpg'),load_file('D:/foto/npwp.jpg'),load_file('D:/foto/L11.jpg'),load_file('D:/foto/tb1.jpg'),'5.0');
INSERT INTO ACCOUNT VALUES ( '3326164107440286', 'AT008', 'Jailani Suwarno', 'qjailani@suwarno.asia', '083513843421', 'Jr. Bakhita No. 927, Sukabumi 50268, SulTeng', 'L', '1999-05-13', '4471386722844292', 'Pengusaha', '4500000', '2021-02-16', '089620024522', 'Paman',load_file('D:/foto/ktp.jpg'),load_file('D:/foto/npwp.jpg'),load_file('D:/foto/L12.jpg'),load_file('D:/foto/tb1.jpg'),'5.0');
INSERT INTO ACCOUNT VALUES ( '3326160407670004', 'AT020', 'Pradipta Baktiono', 'pradipta.baktiono@yahoo.co.id', '081110247484', 'Jln. Baranang Siang Indah No. 400, Tidore Kepulauan 77583, BaBel', 'L', '1980-03-23', '5498991178394746', 'Arsitek', '45000000', '2019-08-23', '081074102117', 'Istri',load_file('D:/foto/ktp.jpg'),load_file('D:/foto/npwp.jpg'),load_file('D:/foto/L13.jpg'),load_file('D:/foto/tb1.jpg'),'4.4');
INSERT INTO ACCOUNT VALUES ( '3326162704830021', 'AT001', 'Jono Usada', 'usada.jono@gmail.co.id', '081558397362', 'Ds. Sunaryo No. 583, Batam 42658, Lampung', 'L', '2002-01-22', '4382897349129667', 'Nelayan', '350000', '2022-07-15', '088801267764', 'Bibi',load_file('D:/foto/ktp.jpg'),NULL,load_file('D:/foto/L14.jpg'),load_file('D:/foto/tb3.jpg'),'5.0');
INSERT INTO ACCOUNT VALUES ( '3326165704990001', 'AT015', 'Firmansyah Adiarja', 'adiarja.firmansyah@yahoo.com', '085581267241', 'Ds. Bara No. 827, Administrasi Jakarta Selatan 27438, Bali', 'L', '1988-02-19', '349738289030012', 'Selebgram', '14000000', '2021-06-30', '081914102967', 'Bibi',load_file('D:/foto/ktp.jpg'),load_file('D:/foto/npwp.jpg'),load_file('D:/foto/L15.jpg'),load_file('D:/foto/tb1.jpg'),'5.0');
INSERT INTO ACCOUNT VALUES ( '3326160109610021', 'AT008', 'Yolanda Baktiono', 'baktianto.yolanda@yahoo.com', '087929388055', 'Jln. Gajah Mada No. 624, Bandung 75873, SumSel', 'L', '2000-07-13', '371983664918982', 'Youtuber', '4500000', '2020-01-29', '085231405579', 'Kakak',load_file('D:/foto/ktp.jpg'),load_file('D:/foto/npwp.jpg'),load_file('D:/foto/L16.jpg'),load_file('D:/foto/tb1.jpg'),'5.0');
INSERT INTO ACCOUNT VALUES ( '3326165110650001', 'AT015', 'Anggriawan Waskita', 'lwaskita@anggriawan.info', '082079599663', 'Ki. Daan No. 443, Bandung 17076, KalTim', 'L', '1991-09-17', '375206968352906', 'Karyawan Swasta', '14000000', '2019-07-27', '087249796061', 'Adik',load_file('D:/foto/ktp.jpg'),load_file('D:/foto/npwp.jpg'),load_file('D:/foto/L17.jpg'),load_file('D:/foto/tb3.jpg'),'4.3');
INSERT INTO ACCOUNT VALUES ( '3326160609840001', 'AT015', 'Jardianto', 'jardianto@gmail.co.id', '085735843711', 'Kpg. Soekarno Hatta No. 623, Bau-Bau 68276, DKI', 'L', '1989-12-04', '347215781855693', 'Model', '11000000', '2022-05-08', '085358981675', 'Istri',load_file('D:/foto/ktp.jpg'),load_file('D:/foto/npwp.jpg'),load_file('D:/foto/L18.jpg'),load_file('D:/foto/tb1.jpg'),'5.0');
INSERT INTO ACCOUNT VALUES ( '3326160904920021', 'AT012', 'Widodo', 'iwidodo@gmail.co.id', '085922277319', 'Ds. Bak Mandi No. 537, Gunungsitoli 94145, KalBar', 'L', '1988-05-13', '30075751959707', 'Polisi', '8000000', '2020-02-09', '082884647840', 'Istri',load_file('D:/foto/ktp.jpg'),load_file('D:/foto/npwp.jpg'),load_file('D:/foto/L19.jpg'),load_file('D:/foto/tb3.jpg'),'5.0');
INSERT INTO ACCOUNT VALUES ( '3326161508960001', 'AT015', 'Gading', 'gading45@gmail.co.id', '087408378699', 'Psr. Sudirman No. 992, Blitar 39079, Riau', 'L', '1990-08-23', '30267624406061', 'Karyawan Swasta', '12000000', '2022-04-26', '082788875140', 'Adik',load_file('D:/foto/ktp.jpg'),load_file('D:/foto/npwp.jpg'),load_file('D:/foto/L20.jpg'),load_file('D:/foto/tb2.jpg'),'5.0');
INSERT INTO ACCOUNT VALUES ( '3326161603020001', 'AT015', 'Lasmanto Wibisono', 'lasmanto.wibisono@pudjiastuti.biz.id', '081635371676', 'Psr. Bata Putih No. 84, Tarakan 78147, Gorontalo', 'L', '1996-05-24', '6011636914038679', 'Pengusaha', '11000000', '2022-11-11', '088213339158', 'Kakak',load_file('D:/foto/ktp.jpg'),load_file('D:/foto/npwp.jpg'),load_file('D:/foto/L21.jpg'),load_file('D:/foto/tb1.jpg'),'5.0');
INSERT INTO ACCOUNT VALUES ( '3525015201880002', 'AT001', 'Paiman Setiawan', 'paiman.setiawan@safitri.ac.id', '081928364880', 'Dk. Salam No. 174, Mataram 21550, Bali', 'L', '2001-08-12', '6011473315625197', 'Mahasiswa', '150000', '2019-12-25', '081275178831', 'Ayah',load_file('D:/foto/ktp.jpg'),NULL,load_file('D:/foto/L22.jpg'),load_file('D:/foto/tb1.jpg'),'5.0');
INSERT INTO ACCOUNT VALUES ( '3525010510930001', 'AT002', 'Irsad Palastri', 'irsad.palastri@gmail.com', '081317532695', 'Jr. Abdul Rahmat No. 374, Tual 64151, JaTim', 'L', '1995-06-11', '5464926590349985', 'Karyawan Swasta', '575000', '2019-12-29', '088463609218', 'Istri',load_file('D:/foto/ktp.jpg'),load_file('D:/foto/npwp.jpg'),load_file('D:/foto/L23.jpg'),load_file('D:/foto/tb1.jpg'),'5.0');
INSERT INTO ACCOUNT VALUES ( '3525015306780002', 'AT003', 'Prakasa Wani', 'prakasa.wani@gmail.com', '082176886077', 'Kpg. Muwardi No. 706, Surakarta 87570, SulSel', 'L', '2002-10-02', '6011528346019809', 'Mahasiswa', '1250000', '2020-01-24', '082982597747', 'Ibu',load_file('D:/foto/ktp.jpg'),NULL,load_file('D:/foto/L24.jpg'),load_file('D:/foto/tb1.jpg'),'5.0');
INSERT INTO ACCOUNT VALUES ( '3525016501830002', 'AT001', 'Hakim Asmuni', 'asmuni.hakim@mardhiyah.or.id', '088602589448', 'Jr. Rajawali Barat No. 357, Cilegon 31197, MalUt', 'L', '2002-12-17', '344130290391184', 'Mahasiswa', '0', '2022-12-02', '082872784643', 'Kakak',load_file('D:/foto/ktp.jpg'),NULL,load_file('D:/foto/L25.jpg'),load_file('D:/foto/tb1.jpg'),'5.0');
INSERT INTO ACCOUNT VALUES ( '3525011506830001', 'AT012', 'Tri Napitupulu', 'napitupulu.tri@yahoo.com', '082643384118', 'Dk. Sutan Syahrir No. 196, Mataram 40906, Jambi', 'L', '1984-09-19', '341280667708776', 'Karyawan Swasta', '7955000', '2022-03-17', '083216986112', 'Kakak',load_file('D:/foto/ktp.jpg'),load_file('D:/foto/npwp.jpg'),load_file('D:/foto/L26.jpg'),load_file('D:/foto/tb2.jpg'),'5.0');
INSERT INTO ACCOUNT VALUES ( '3326161106490001', 'AT020', 'Hidayanto', 'digdaya.hidayanto@nasyiah.in', '081858195824', 'Jln. Cut Nyak Dien No. 432, Banjar 14981, DIY', 'L', '1986-12-06', '348435393632483', 'Aktor', '49850000', '2019-02-05', '083057591801', 'Adik',load_file('D:/foto/ktp.jpg'),load_file('D:/foto/npwp.jpg'),load_file('D:/foto/L27.jpg'),load_file('D:/foto/tb2.jpg'),'5.0');
INSERT INTO ACCOUNT VALUES ( '3326165403850003', 'AT015', 'Hasan Permata', 'ahassanah@permata.my.id', '083161336799', 'Jr. Ters. Kiaracondong No. 603, Kupang 90261, JaBar', 'L', '2000-10-31', '372123187637129', 'Penulis', '12350000', '2020-03-01', '081240929621', 'Istri',load_file('D:/foto/ktp.jpg'),load_file('D:/foto/npwp.jpg'),load_file('D:/foto/L28.jpg'),load_file('D:/foto/tb1.jpg'),'5.0');
INSERT INTO ACCOUNT VALUES ( '3326166004680001', 'AT015', 'Irnanto Saragih', 'saragih.irnanto@gmail.co.id', '082527394875', 'Gg. Bara No. 371, Prabumulih 69295, KalSel', 'L', '1995-03-26', '372160915410056', 'Penulis', '11000000', '2019-05-01', '083357566482', 'Kakak',load_file('D:/foto/ktp.jpg'),load_file('D:/foto/npwp.jpg'),load_file('D:/foto/L29.jpg'),load_file('D:/foto/tb1.jpg'),'5.0');
INSERT INTO ACCOUNT VALUES ( '3025010510930001', 'AT008', 'Novi Haryanti', 'novi.haryanti@samosir.co.id', '082564618252', 'Jr. Uluwatu No. 572, Samarinda 14586, SulBar', 'P', '1993-04-22', '376881423237667', 'Karyawan Swasta', '4000000', '2019-02-27', '088304182432', 'Suami',load_file('D:/foto/ktp.jpg'),load_file('D:/foto/npwp.jpg'),load_file('D:/foto/P30.jpg'),load_file('D:/foto/tb2.jpg'),'4.5');
INSERT INTO ACCOUNT VALUES ( '3525016005650004', 'AT007', 'Lailasari Ana', 'lailasari.ana@yahoo.co.id', '087385234436', 'Kpg. Pasir Koja No. 91, Yogyakarta 65171, MalUt', 'P', '1973-06-07', '347684924862827', 'Pengusaha', '2500000', '2020-04-18', '087755487719', 'Suami',load_file('D:/foto/ktp.jpg'),load_file('D:/foto/npwp.jpg'),load_file('D:/foto/P31.jpg'),load_file('D:/foto/tb1.jpg'),'5.0');
INSERT INTO ACCOUNT VALUES ( '3025015306780002', 'AT002', 'Wulandari Tami', 'wulandari.tami@yahoo.com', '083895360933', 'Psr. Baranangsiang No. 412, Tegal 77795, SumBar', 'P', '1995-03-05', '342299144426702', 'Karyawan Swasta', '5000000', '2019-01-12', '085299730217', 'Suami',load_file('D:/foto/ktp.jpg'),load_file('D:/foto/npwp.jpg'),load_file('D:/foto/P32.jpg'),load_file('D:/foto/tb2.jpg'),'4.4');
INSERT INTO ACCOUNT VALUES ( '1425016501830002', 'AT004', 'Rina Sihombing', 'rina.sihombing@nasyiah.go.id', '081059778370', 'Psr. Ciwastra No. 107, Yogyakarta 97698, Maluku', 'P', '1999-07-16', '344765120811479', 'Arsitek', '1500000', '2022-01-25', '082940524161', 'Paman',load_file('D:/foto/ktp.jpg'),load_file('D:/foto/npwp.jpg'),load_file('D:/foto/P33.jpg'),load_file('D:/foto/tb3.jpg'),'5.0');
INSERT INTO ACCOUNT VALUES ( '3525011506830091', 'AT007', 'Ade Safitri', 'ade.safitri@gmail.co.id', '083345944641', 'Ki. Zamrud No. 653, Tasikmalaya 25305, JaTim', 'P', '1981-08-10', '30588362104851', 'Nelayan', '2000000', '2020-04-12', '088723926931', 'Kakak',load_file('D:/foto/ktp.jpg'),load_file('D:/foto/npwp.jpg'),load_file('D:/foto/P34.jpg'),load_file('D:/foto/tb2.jpg'),'5.0');
INSERT INTO ACCOUNT VALUES ( '3525017006650078', 'AT020', 'Andriani', 'uandriani@yahoo.co.id', '087362350520', 'Psr. Basket No. 25, Sukabumi 92893, MalUt', 'P', '1998-09-06', '30319594415679', 'Pengusaha', '50000000', '2020-12-12', '087446740181', 'Kakak',load_file('D:/foto/ktp.jpg'),load_file('D:/foto/npwp.jpg'),load_file('D:/foto/P35.jpg'),load_file('D:/foto/tb1.jpg'),'5.0');
INSERT INTO ACCOUNT VALUES ( '3525013006580043', 'AT020', 'Yunita Mahendra', 'mahendra.yunita@dongoran.co.id', '083319388145', 'Ds. Cokroaminoto No. 679, Bukittinggi 56702, Gorontalo', 'P', '2001-06-14', '30070110880439', 'Dokter', '27000000', '2022-09-22', '083080826383', 'Adik',load_file('D:/foto/ktp.jpg'),load_file('D:/foto/npwp.jpg'),load_file('D:/foto/P36.jpg'),load_file('D:/foto/tb1.jpg'),'5.0');
INSERT INTO ACCOUNT VALUES ( '3525010505720003', 'AT001', 'Oliva Kusmawati', 'hkusmawati@gmail.com', '082139198145', 'Kpg. Industri No. 237, Samarinda 98396, NTT', 'P', '2001-11-19', '6011438690690736', 'Mahasiswa', '0', '2020-12-24', '088873656859', 'Paman',load_file('D:/foto/ktp.jpg'),NULL,load_file('D:/foto/P37.jpg'),load_file('D:/foto/tb2.jpg'),'5.0');
INSERT INTO ACCOUNT VALUES ( '2025011006780005', 'AT018', 'Indah Yuliarti', 'yuliarti.indah@mandasari.sch.id', '083918357916', 'Gg. Radio No. 988, Bukittinggi 96700, Papua', 'P', '1983-03-30', '371362680976763', 'Bidan', '17500000', '2020-01-08', '087111940421', 'Bibi',load_file('D:/foto/ktp.jpg'),load_file('D:/foto/npwp.jpg'),load_file('D:/foto/P38.jpg'),load_file('D:/foto/tb1.jpg'),'5.0');
INSERT INTO ACCOUNT VALUES ( '2125012005590001', 'AT001', 'Rachel Wijaya', 'rachel.wijaya@melani.desa.id', '081242224600', 'Ds. Labu No. 395, Surakarta 39581, Bengkulu', 'P', '1970-12-30', '379737727899908', 'Petani', '500000', '2019-03-08', '082377929320', 'Bibi',load_file('D:/foto/ktp.jpg'),load_file('D:/foto/npwp.jpg'),load_file('D:/foto/P39.jpg'),load_file('D:/foto/tb1.jpg'),'5.0');
INSERT INTO ACCOUNT VALUES ( '1225014908920001', 'AT018', 'Septi', 'septi53@yahoo.co.id', '087065627887', 'Jln. PHH. Mustofa No. 295, Blitar 67650, SulBar', 'P', '1991-09-16', '372305602457585', 'Pelayan', '15000000', '2021-03-29', '081221193970', 'Suami',load_file('D:/foto/ktp.jpg'),load_file('D:/foto/npwp.jpg'),load_file('D:/foto/P40.jpg'),load_file('D:/foto/tb3.jpg'),'5.0');
INSERT INTO ACCOUNT VALUES ( '3125014603660003', 'AT020', 'Riri Kusmawati', 'rkusmawati@nuraini.com', '081525669421', 'Jr. Madrasah No. 952, Langsa 20875, Papua', 'P', '1983-04-26', '372730307372666', 'Karyawan Swasta', '20000000', '2022-09-03', '082369476018', 'Suami',load_file('D:/foto/ktp.jpg'),load_file('D:/foto/npwp.jpg'),load_file('D:/foto/P41.jpg'),load_file('D:/foto/tb1.jpg'),'5.0');
INSERT INTO ACCOUNT VALUES ( '3326165406440001', 'AT002', 'Titin', 'titin82@gmail.com', '081448916859', 'Kpg. Abang No. 3, Lhokseumawe 21445, NTB', 'P', '1989-01-17', '30271177734929', 'Dosen', '7500000', '2021-08-03', '088306285023', 'Suami',load_file('D:/foto/ktp.jpg'),load_file('D:/foto/npwp.jpg'),load_file('D:/foto/P42.jpg'),load_file('D:/foto/tb1.jpg'),'5.0');
INSERT INTO ACCOUNT VALUES ( '3326161911080001', 'AT020', 'Novita Sari', 'wnovitasari@gmail.com', '087405135305', 'Jln. R.M. Said No. 615, Jambi 37767, Banten', 'P', '1984-08-27', '36177571906126', 'Pengusaha', '35000000', '2021-03-23', '087286786791', 'Kakak',load_file('D:/foto/ktp.jpg'),load_file('D:/foto/npwp.jpg'),load_file('D:/foto/P43.jpg'),load_file('D:/foto/tb2.jpg'),'5.0');
INSERT INTO ACCOUNT VALUES ( '3326162008710042', 'AT003', 'Prastuti Pratama', 'xprastuti@pratama.or.id', '088963736905', 'Ki. Baranang No. 61, Sawahlunto 38200, SulTra', 'P', '1996-05-19', '5142593828210387', 'Tiktoker', '13500000', '2021-02-11', '082424458021', 'Adik',load_file('D:/foto/ktp.jpg'),load_file('D:/foto/npwp.jpg'),load_file('D:/foto/P44.jpg'),load_file('D:/foto/tb1.jpg'),'5.0');
INSERT INTO ACCOUNT VALUES ( '3326160101810021', 'AT003', 'Mulya Anggraini', 'mulya.anggraini@yahoo.co.id', '085063460395', 'Psr. Sukajadi No. 136, Sungai Penuh 15021, Banten', 'P', '1988-04-24', '5518343899131476', 'Karyawan Swasta', '11000000', '2019-12-22', '087459501643', 'Adik',load_file('D:/foto/ktp.jpg'),load_file('D:/foto/npwp.jpg'),load_file('D:/foto/P45.jpg'),load_file('D:/foto/tb2.jpg'),'5.0');
INSERT INTO ACCOUNT VALUES ( '3326161008820041', 'AT002', 'Utami Cardiano', 'cardianto@utami.com', '087198534696', 'Jln. Baja No. 307, Tebing Tinggi 49394, SulUt', 'P', '2000-02-03', '30376436582488', 'Pengusaha', '5000000', '2022-07-18', '081758521249', 'Sepupu',load_file('D:/foto/ktp.jpg'),load_file('D:/foto/npwp.jpg'),load_file('D:/foto/P46.jpg'),load_file('D:/foto/tb2.jpg'),'5.0');
INSERT INTO ACCOUNT VALUES ( '3326165506800001', 'AT002', 'Maheswara Mandasari', 'cmaheswara@mandasari.tv', '088229081007', 'Kpg. Bambu No. 934, Banjarmasin 46245, NTB', 'P', '1994-01-03', '39264378683251', 'Jaksa', '7500000', '2022-06-28', '083118081495', 'Suami',load_file('D:/foto/ktp.jpg'),load_file('D:/foto/npwp.jpg'),load_file('D:/foto/P47.jpg'),load_file('D:/foto/tb1.jpg'),'5.0');
INSERT INTO ACCOUNT VALUES ( '3326162102740041', 'AT018', 'Kenes Permata', 'kenes73@permata.org', '087722371588', 'Jln. Camar No. 489, Pekanbaru 65838, Maluku', 'P', '1971-09-06', '39152949841401', 'Nahkoda', '16500000', '2020-07-11', '083335400448', 'Suami',load_file('D:/foto/ktp.jpg'),load_file('D:/foto/npwp.jpg'),load_file('D:/foto/P48.jpg'),load_file('D:/foto/tb2.jpg'),'5.0');
INSERT INTO ACCOUNT VALUES ( '3525016005651004', 'AT015', 'Hassanah Luis', 'hassanah.luis@gmail.co.id', '087926020833', 'Jln. Ekonomi No. 174, Payakumbuh 76857, SumBar', 'P', '1981-04-16', '6011338364264901', 'Polisi', '13570000', '2019-03-28', '088850213564', 'Paman',load_file('D:/foto/ktp.jpg'),load_file('D:/foto/npwp.jpg'),load_file('D:/foto/P49.jpg'),load_file('D:/foto/tb3.jpg'),'4.4');
INSERT INTO ACCOUNT VALUES ( '3326164107600589', 'AT015', 'Kezia Prastuti', 'prastuti.kezia@latupono.desa.id', '085188530013', 'Kpg. Baranang Siang No. 566, Pematangsiantar 29522, Lampung', 'P', '1992-01-26', '346542774064400', 'Pengusaha', '10255000', '2022-04-09', '085183417356', 'Paman',load_file('D:/foto/ktp.jpg'),load_file('D:/foto/npwp.jpg'),load_file('D:/foto/P50.jpg'),load_file('D:/foto/tb1.jpg'),'5.0');
INSERT INTO ACCOUNT VALUES ( '3098764107600589', 'AT020', 'Jarwa Permata', 'wastuti.jarwa@permata.in', '085730376095', 'Ds. Baabur Royan No. 93, Manado 17383, Lampung', 'L', '1999-05-22', '6011338364264555', 'Pedagang', '45500000', '2019-03-28', '082128457825', 'Istri',load_file('D:/foto/ktp.jpg'),load_file('D:/foto/npwp.jpg'),load_file('D:/foto/L51.jpg'),load_file('D:/foto/tb2.jpg'),'5.0');
INSERT INTO ACCOUNT VALUES ( '3123454107600589', 'AT015', 'Riyanti Klatupono', 'klatupono@riyanti.or.id', '089074029652', 'Gg. Ters. Jakarta No. 944, Solok 11524, KalTeng', 'P', '1976-08-03', '6011445664264901', 'Pengusaha', '11560500', '2022-04-09', '089827048361', 'Suami',load_file('D:/foto/ktp.jpg'),load_file('D:/foto/npwp.jpg'),load_file('D:/foto/P52.jpg'),load_file('D:/foto/tb3.jpg'),'5.0');
INSERT INTO ACCOUNT VALUES ( '3975314107600589', 'AT001', 'Joko Saragih', 'joko.saragih@yahoo.com', '0875526170063', 'Ki. Honggowongso No. 859, Cirebon 92951, SumUt', 'L', '2003-05-08', '6011889964264901', 'Mahasiswa', '0', '2022-06-28', '087327166881', 'Ibu',load_file('D:/foto/ktp.jpg'),NULL,load_file('D:/foto/L53.jpg'),load_file('D:/foto/tb2.jpg'),'5.0');

INSERT INTO EMPLOYEE VALUES ( '3046160902090003', 'Nashiruddin', 'nashiruddin.anastasia@gmail.co.id', '085803407917', 'Jln. Asia Afrika No. 421, Yogyakarta 49343, KalUt', 'L');
INSERT INTO EMPLOYEE VALUES ( '3326160608070197', 'Elisa Hakim', 'elisa94@hakim.name', '081269939445', 'Kpg. Juanda No. 436, Tangerang 60252, Lampung', 'P');
INSERT INTO EMPLOYEE VALUES ( '3207300205060014', 'Aditya Nainggolan', 'aditya46@nainggolan.name', '087926952374', 'Gg. Antapani Lama No. 110, Tanjung Pinang 82265, SumSel', 'L');
INSERT INTO EMPLOYEE VALUES ( '3789160302090001', 'Prasetyo Pranowo', 'zprasetyo@pranowo.desa.id', '085919775594', 'Ki. Halim No. 109, Tanjungbalai 53509, PapBar', 'L');
INSERT INTO EMPLOYEE VALUES ( '3965160608070048', 'Yulianti Erajasa', 'erajasa@yulianti.com', '083699534198', 'Kpg. Pasteur No. 688, Semarang 20261, Lampung', 'P');
INSERT INTO EMPLOYEE VALUES ( '3888160608070224', 'Prastuti', 'wprastuti@gmail.com', '081990765811', 'Jln. Bakau No. 890, Bogor 57999, Lampung', 'P');
INSERT INTO EMPLOYEE VALUES ( '3145160608070380', 'Siti Pratiwi', 'pratiwi.siti@yahoo.co.id', '087604085595', 'Ki. Suprapto No. 692, Pekalongan 57517, KalTeng', 'P');
INSERT INTO EMPLOYEE VALUES ( '3090160608070422', 'Jumaidi Hutagalung', 'uyainah.jumadi@hutagalung.name', '081021877709', 'Jln. Teuku Umar No. 265, Semarang 32380, Bali', 'L');
INSERT INTO EMPLOYEE VALUES ( '3656160608070446', 'Sudiati Lestari', 'wani.lestari@sudiati.asia', '087543590877', 'Kpg. Bata Putih No. 784, Lubuklinggau 72637, KalSel', 'P');
INSERT INTO EMPLOYEE VALUES ( '3237189003090003', 'Emas Sitompul', 'emas88@sitompul.name', '082131212538', 'Dk. Gajah No. 854, Pangkal Pinang 29685, SumSel', 'L');
INSERT INTO EMPLOYEE VALUES ( '3402231403090005', 'Lurhur Halimah', 'dongoran.lurhur@halimah.com', '082360638176', 'Ki. Peta No. 514, Bitung 19400, KalSel', 'P');
INSERT INTO EMPLOYEE VALUES ( '3254421912050054', 'Kamaria Simbolon', 'kamaria.simbolon@pudjiastuti.biz.id', '087860759606', 'Jr. Rajawali Timur No. 284, Tangerang Selatan 62848, SulTra', 'L');
INSERT INTO EMPLOYEE VALUES ( '3484462303090002', 'Natalia Nuraini', 'natalia.nuraini@adriansyah.or.id', '081011504912', 'Ds. Jend. Sudirman No. 624, Serang 69403, KepR', 'P');
INSERT INTO EMPLOYEE VALUES ( '3226612103070009', 'Hadi Tampubolon', 'hadi.tampubolon@januar.name', '082591533265', 'Ds. PHH. Mustofa No. 355, Langsa 73213, KalBar', 'L');
INSERT INTO EMPLOYEE VALUES ( '3201122812050046', 'Rahimah Jamalia', 'rahimah.jamalia@gmail.com', '083648297306', 'Jln. Yosodipuro No. 153, Lubuklinggau 19096, Maluku', 'P');
INSERT INTO EMPLOYEE VALUES ( '3401200108060009', 'Sinaga Bakianto', 'sinaga.bakianto@gmail.com', '082629341187', 'Ki. Surapati No. 146, Kendari 74414, BaBel', 'L');
INSERT INTO EMPLOYEE VALUES ( '3202230111080002', 'Pudjiastuti', 'dpudjiastuti@yahoo.com', '087142669124', 'Dk. Villa No. 202, Batu 20440, SulBar', 'P');
INSERT INTO EMPLOYEE VALUES ( '3412150112050067', 'Usyi Suryatmi', 'usyi95@suryatmi.co', '083379387487', 'Dk. Pattimura No. 146, Balikpapan 26975, Jambi', 'P');
INSERT INTO EMPLOYEE VALUES ( '3403320201060065', 'Sudiati Iriana', 'sudiati.iriana@winarsih.co', '082606031586', 'Jln. Lumban Tobing No. 289, Pekalongan 14195, SumSel', 'P');
INSERT INTO EMPLOYEE VALUES ( '3504090203060016', 'Kanda Safitri', 'kanda.safitri@gmail.co.id', '088235126985', 'Ki. Ters. Pasir Koja No. 996, Sukabumi 37938, JaTim', 'P');

INSERT INTO LOAN_TYPE VALUES ( 'LT001', '3 BULAN', '0.14', '3', '5000');
INSERT INTO LOAN_TYPE VALUES ( 'LT002', '6 BULAN', '0.21', '6', '7000');
INSERT INTO LOAN_TYPE VALUES ( 'LT003', '12 BULAN', '0.30', '12', '10000');

INSERT INTO TRANSACTION VALUES ( 'T0001', '3025015306780002', '3046160902090003', 'LT001', '2019-01-19', '2019-04-28', 'LUNAS', '250000', '95000', 'NULL');
INSERT INTO TRANSACTION VALUES ( 'T0002', '3326161106490001', '3326160608070197', 'LT002', '2019-02-06', '2019-08-15', 'LUNAS', '14000000', '2823333.33', 'NULL');
INSERT INTO TRANSACTION VALUES ( 'T0003', '3326161106490001', '3326160608070197', 'LT002', '2019-02-07', '2019-08-15', 'LUNAS', '9000000', '1815000', 'NULL');
INSERT INTO TRANSACTION VALUES ( 'T0004', '3025010510930001', '3046160902090003', 'LT003', '2019-02-28', '2020-02-28', 'LUNAS', '1500000', '162500', '5');
INSERT INTO TRANSACTION VALUES ( 'T0005', '2125012005590001', '3207300205060014', 'LT003', '2019-03-09', '2020-03-15', 'LUNAS', '500000', '54166.67', 'NULL');
INSERT INTO TRANSACTION VALUES ( 'T0006', '3025015306780002', '3207300205060014', 'LT001', '2019-03-09', '2019-06-15', 'LUNAS', '500000', '190000', '6');
INSERT INTO TRANSACTION VALUES ( 'T0007', '3525016005651004', '3965160608070048', 'LT001', '2019-03-30', '2019-06-28', 'LUNAS', '15000000', '5700000', '6');
INSERT INTO TRANSACTION VALUES ( 'T0008', '3326166004680001', '3888160608070224', 'LT002', '2019-05-08', '2019-11-15', 'LUNAS', '800000', '161333.33', 'NULL');
INSERT INTO TRANSACTION VALUES ( 'T0009', '3025010510930001', '3046160902090003', 'LT001', '2019-05-28', '2019-08-28', 'LUNAS', '500000', '190000', 'NULL');
INSERT INTO TRANSACTION VALUES ( 'T0010', '3326160802090001', '3326160608070197', 'LT002', '2019-07-22', '2020-01-28', 'LUNAS', '6000000', '1210000', 'NULL');
INSERT INTO TRANSACTION VALUES ( 'T0011', '3326165110650001', '3965160608070048', 'LT001', '2019-07-28', '2019-10-28', 'LUNAS', '10000000', '3800000', '3');
INSERT INTO TRANSACTION VALUES ( 'T0012', '3326165110650001', '3965160608070048', 'LT003', '2019-08-05', '2020-08-15', 'LUNAS', '1500000', '162500', 'NULL');
INSERT INTO TRANSACTION VALUES ( 'T0013', '3326166004680001', '3888160608070224', 'LT003', '2019-08-08', '2020-08-15', 'LUNAS', '500000', '54166.67', 'NULL');
INSERT INTO TRANSACTION VALUES ( 'T0014', '3326160407670004', '3046160902090003', 'LT003', '2019-08-28', '2020-08-28', 'LUNAS', '10000000', '1083333.33', 'NULL');
INSERT INTO TRANSACTION VALUES ( 'T0015', '3326162001730002', '3965160608070048', 'LT003', '2019-10-03', '2020-10-15', 'LUNAS', '5000000', '541666.67', 'NULL');
INSERT INTO TRANSACTION VALUES ( 'T0016', '3326162001730002', '3207300205060014', 'LT002', '2019-12-02', '2020-06-15', 'LUNAS', '7000000', '1411666.67', 'NULL');
INSERT INTO TRANSACTION VALUES ( 'T0017', '3326160407670004', '3207300205060014', 'LT003', '2019-12-10', '2020-12-15', 'LUNAS', '5000000', '541666.67', '6');
INSERT INTO TRANSACTION VALUES ( 'T0018', '3525016005651004', '3046160902090003', 'LT002', '2019-12-12', '2020-06-15', 'LUNAS', '15000000', '3025000', 'NULL');
INSERT INTO TRANSACTION VALUES ( 'T0019', '3326160802090001', '3145160608070380', 'LT001', '2019-12-22', '2020-03-28', 'LUNAS', '4000000', '1520000', 'NULL');
INSERT INTO TRANSACTION VALUES ( 'T0020', '3525015201880002', '3789160302090001', 'LT001', '2019-12-26', '2020-03-28', 'LUNAS', '250000', '95000', 'NULL');
INSERT INTO TRANSACTION VALUES ( 'T0021', '3326160101810021', '3789160302090001', 'LT002', '2019-12-27', '2020-06-28', 'LUNAS', '1000000', '201666.67', 'NULL');
INSERT INTO TRANSACTION VALUES ( 'T0022', '3525010510930001', '3145160608070380', 'LT003', '2019-12-30', '2020-12-28', 'LUNAS', '800000', '86666.67', 'NULL');
INSERT INTO TRANSACTION VALUES ( 'T0023', '3326165110650001', '3145160608070380', 'LT001', '2020-01-01', '2020-04-15', 'LUNAS', '1500000', '570000', '4');
INSERT INTO TRANSACTION VALUES ( 'T0024', '2025011006780005', '3145160608070380', 'LT002', '2020-01-09', '2020-07-15', 'LUNAS', '20000000', '4033333.33', 'NULL');
INSERT INTO TRANSACTION VALUES ( 'T0025', '3025010510930001', '3789160302090001', 'LT001', '2020-01-12', '2020-04-15', 'LUNAS', '1500000', '570000', 'NULL');
INSERT INTO TRANSACTION VALUES ( 'T0026', '3525015306780002', '3254421912050054', 'LT003', '2020-01-25', '2021-01-28', 'LUNAS', '500000', '54166.67', 'NULL');
INSERT INTO TRANSACTION VALUES ( 'T0027', '3326160109610021', '3789160302090001', 'LT002', '2020-01-31', '2020-07-28', 'LUNAS', '2500000', '504166.67', 'NULL');
INSERT INTO TRANSACTION VALUES ( 'T0028', '3326160101810021', '3789160302090001', 'LT001', '2020-02-05', '2020-05-15', 'LUNAS', '500000', '190000', 'NULL');
INSERT INTO TRANSACTION VALUES ( 'T0029', '3326160904920021', '3254421912050054', 'LT002', '2020-02-10', '2020-08-15', 'LUNAS', '4000000', '806666.67', 'NULL');
INSERT INTO TRANSACTION VALUES ( 'T0030', '3326165403850003', '3789160302090001', 'LT001', '2020-03-04', '2020-06-15', 'LUNAS', '2000000', '760000', 'NULL');
INSERT INTO TRANSACTION VALUES ( 'T0031', '3525011506830091', '3254421912050054', 'LT001', '2020-04-14', '2020-07-15', 'LUNAS', '2500000', '950000', 'NULL');
INSERT INTO TRANSACTION VALUES ( 'T0032', '3525016005650004', '3254421912050054', 'LT001', '2020-04-19', '2020-07-28', 'LUNAS', '2500000', '950000', 'NULL');
INSERT INTO TRANSACTION VALUES ( 'T0033', '3525017006750042', '3789160302090001', 'LT003', '2020-04-27', '2021-04-28', 'LUNAS', '5000000', '541666.67', '8');
INSERT INTO TRANSACTION VALUES ( 'T0034', '3326165403850003', '3789160302090001', 'LT003', '2020-05-04', '2021-05-15', 'LUNAS', '3000000', '325000', 'NULL');
INSERT INTO TRANSACTION VALUES ( 'T0035', '3525017006750042', '3226612103070009', 'LT002', '2020-05-07', '2020-11-15', 'LUNAS', '2500000', '504166.67', 'NULL');
INSERT INTO TRANSACTION VALUES ( 'T0036', '3326162001730002', '3888160608070224', 'LT001', '2020-05-07', '2020-08-15', 'LUNAS', '2000000', '760000', 'NULL');
INSERT INTO TRANSACTION VALUES ( 'T0037', '3525015201880002', '3888160608070224', 'LT002', '2020-05-08', '2020-11-15', 'LUNAS', '300000', '60500', 'NULL');
INSERT INTO TRANSACTION VALUES ( 'T0038', '3326166004680001', '3888160608070224', 'LT003', '2020-05-08', '2021-05-15', 'LUNAS', '4500000', '487500', 'NULL');
INSERT INTO TRANSACTION VALUES ( 'T0039', '3326160904920021', '3888160608070224', 'LT001', '2020-05-10', '2020-08-15', 'LUNAS', '2500000', '950000', 'NULL');
INSERT INTO TRANSACTION VALUES ( 'T0040', '3525017006950028', '3484462303090002', 'LT002', '2020-05-14', '2020-11-15', 'LUNAS', '500000', '100833.33', 'NULL');
INSERT INTO TRANSACTION VALUES ( 'T0041', '3525015306780002', '3484462303090002', 'LT001', '2020-05-25', '2020-08-28', 'LUNAS', '500000', '190000', 'NULL');
INSERT INTO TRANSACTION VALUES ( 'T0042', '3326162102740041', '3090160608070422', 'LT002', '2020-07-11', '2021-01-15', 'LUNAS', '20000000', '4033333.33', 'NULL');
INSERT INTO TRANSACTION VALUES ( 'T0043', '3326165403850003', '3090160608070422', 'LT001', '2020-08-04', '2020-11-15', 'LUNAS', '2500000', '950000', 'NULL');
INSERT INTO TRANSACTION VALUES ( 'T0044', '2025011006780005', '3090160608070422', 'LT003', '2020-08-05', '2021-08-15', 'LUNAS', '10000000', '2166666.67', 'NULL');
INSERT INTO TRANSACTION VALUES ( 'T0045', '3326160109610021', '3237189003090003', 'LT003', '2020-08-05', '2021-08-15', 'LUNAS', '500000', '54166.67', 'NULL');
INSERT INTO TRANSACTION VALUES ( 'T0046', '3225015201880002', '3237189003090003', 'LT003', '2020-08-06', '2021-08-15', 'LUNAS', '2000000', '216666.67', 'NULL');
INSERT INTO TRANSACTION VALUES ( 'T0047', '3525016005650004', '3237189003090003', 'LT003', '2020-08-29', '2021-08-28', 'LUNAS', '1500000', '162500', 'NULL');
INSERT INTO TRANSACTION VALUES ( 'T0048', '3225015201880002', '3201122812050046', 'LT003', '2020-09-15', '2021-09-15', 'LUNAS', '1500000', '162500', 'NULL');
INSERT INTO TRANSACTION VALUES ( 'T0049', '2125010609510002', '3403320201060065', 'LT003', '2020-09-18', '2021-09-28', 'LUNAS', '15000000', '1625000', 'NULL');
INSERT INTO TRANSACTION VALUES ( 'T0050', '3525017006950028', '3403320201060065', 'LT001', '2020-12-01', '2021-03-15', 'LUNAS', '200000', '76000', 'NULL');
INSERT INTO TRANSACTION VALUES ( 'T0051', '2125010609510002', '3090160608070422', 'LT001', '2020-12-04', '2021-03-15', 'LUNAS', '2500000', '950000', 'NULL');
INSERT INTO TRANSACTION VALUES ( 'T0052', '2025011006780005', '3226612103070009', 'LT003', '2020-12-05', '2021-12-15', 'LUNAS', '10000000', '2166666.67', 'NULL');
INSERT INTO TRANSACTION VALUES ( 'T0053', '3525015201880002', '3090160608070422', 'LT001', '2020-12-08', '2021-03-15', 'LUNAS', '200000', '76000', 'NULL');
INSERT INTO TRANSACTION VALUES ( 'T0054', '3326160109610021', '3226612103070009', 'LT003', '2020-12-15', '2021-12-15', 'LUNAS', '1000000', '108333.33', 'NULL');
INSERT INTO TRANSACTION VALUES ( 'T0055', '3225015201880002', '3090160608070422', 'LT002', '2020-12-15', '2021-06-15', 'LUNAS', '1000000', '201666.67', 'NULL');
INSERT INTO TRANSACTION VALUES ( 'T0056', '3525010505720003', '3090160608070422', 'LT002', '2020-12-25', '2021-06-28', 'LUNAS', '250000', '50416.67', 'NULL');
INSERT INTO TRANSACTION VALUES ( 'T0057', '3525017006650078', '3090160608070422', 'LT002', '2020-12-26', '2021-06-28', 'LUNAS', '4000000', '806666.67', 'NULL');
INSERT INTO TRANSACTION VALUES ( 'T0058', '3525010510930001', '3403320201060065', 'LT001', '2020-12-30', '2021-03-28', 'LUNAS', '200000', '76000', 'NULL');
INSERT INTO TRANSACTION VALUES ( 'T0059', '3525017006650078', '3403320201060065', 'LT002', '2020-12-30', '2021-06-28', 'LUNAS', '5000000', '1008333.33', 'NULL');
INSERT INTO TRANSACTION VALUES ( 'T0060', '2125012005590001', '3403320201060065', 'LT002', '2021-01-02', '2021-07-15', 'LUNAS', '500000', '100833.33', 'NULL');
INSERT INTO TRANSACTION VALUES ( 'T0061', '3326160407670004', '3402231403090005', 'LT002', '2021-01-05', '2021-07-15', 'LUNAS', '5000000', '1008333.33', 'NULL');
INSERT INTO TRANSACTION VALUES ( 'T0062', '3025015306780002', '3403320201060065', 'LT002', '2021-01-16', '2021-07-28', 'LUNAS', '150000', '30250', 'NULL');
INSERT INTO TRANSACTION VALUES ( 'T0063', '3326162008710042', '3402231403090005', 'LT002', '2021-02-12', '2021-08-15', 'LUNAS', '1000000', '201666.67', 'NULL');
INSERT INTO TRANSACTION VALUES ( 'T0064', '3525010505720003', '3402231403090005', 'LT001', '2021-02-12', '2021-05-15', 'LUNAS', '250000', '95000', 'NULL');
INSERT INTO TRANSACTION VALUES ( 'T0065', '3326164107440286', '3656160608070446', 'LT003', '2021-02-23', '2022-02-28', 'LUNAS', '2500000', '270833.33', 'NULL');
INSERT INTO TRANSACTION VALUES ( 'T0066', '3326161911080001', '3402231403090005', 'LT003', '2021-03-25', '2022-03-28', 'LUNAS', '15000000', '1625000', 'NULL');
INSERT INTO TRANSACTION VALUES ( 'T0067', '1225014908920001', '3402231403090005', 'LT001', '2021-03-30', '2021-06-28', 'LUNAS', '10000000', '3800000', 'NULL');
INSERT INTO TRANSACTION VALUES ( 'T0068', '1225014908920001', '3656160608070446', 'LT002', '2021-04-30', '2021-10-28', 'LUNAS', '10000000', '2016666.67', 'NULL');
INSERT INTO TRANSACTION VALUES ( 'T0069', '3326162008710042', '3402231403090005', 'LT003', '2021-05-12', '2022-05-15', 'LUNAS', '500000', '54166.67', 'NULL');
INSERT INTO TRANSACTION VALUES ( 'T0070', '3326161911080001', '3402231403090005', 'LT002', '2021-05-25', '2021-11-28', 'LUNAS', '10000000', '2016666.67', 'NULL');
INSERT INTO TRANSACTION VALUES ( 'T0071', '3326165704990001', '3656160608070446', 'LT001', '2021-06-30', '2021-09-28', 'LUNAS', '10000000', '3800000', 'NULL');
INSERT INTO TRANSACTION VALUES ( 'T0072', '3525015212920003', '3207300205060014', 'LT003', '2021-07-23', '2021-07-28', 'LUNAS', '2500000', '270833.33', 'NULL');
INSERT INTO TRANSACTION VALUES ( 'T0073', '3326165406440001', '3402231403090005', 'LT001', '2021-08-04', '2021-11-15', 'LUNAS', '500000', '190000', 'NULL');
INSERT INTO TRANSACTION VALUES ( 'T0074', '3326164107440286', '3504090203060016', 'LT001', '2021-08-05', '2021-11-15', 'LUNAS', '2500000', '950000', 'NULL');
INSERT INTO TRANSACTION VALUES ( 'T0075', '3326165704990001', '3656160608070446', 'LT002', '2021-08-07', '2022-02-15', 'LUNAS', '3500000', '705833.33', 'NULL');
INSERT INTO TRANSACTION VALUES ( 'T0076', '3525017006650078', '3207300205060014', 'LT003', '2021-09-12', '2022-09-15', 'LUNAS', '750000', '81250', 'NULL');
INSERT INTO TRANSACTION VALUES ( 'T0077', '3525015212920003', '3402231403090005', 'LT003', '2021-09-23', '2022-09-28', 'LUNAS', '500000', '54166.67', 'NULL');
INSERT INTO TRANSACTION VALUES ( 'T0078', '3326165406440001', '3504090203060016', 'LT001', '2021-10-10', '2022-01-15', 'LUNAS', '500000', '190000', 'NULL');
INSERT INTO TRANSACTION VALUES ( 'T0079', '3314076404720003', '3504090203060016', 'LT001', '2021-10-27', '2022-01-28', 'LUNAS', '9000000', '3420000', 'NULL');
INSERT INTO TRANSACTION VALUES ( 'T0080', '3314076404720003', '3207300205060014', 'LT003', '2021-11-05', '2022-11-15', 'LUNAS', '10000000', '1083333.33', 'NULL');
INSERT INTO TRANSACTION VALUES ( 'T0081', '3525017006540043', '3504090203060016', 'LT003', '2021-11-12', '2022-11-15', 'LUNAS', '6000000', '650000', 'NULL');
INSERT INTO TRANSACTION VALUES ( 'T0082', '3326164807880001', '3504090203060016', 'LT003', '2021-11-20', '2022-11-28', 'LUNAS', '2500000', '270833.33', 'NULL');
INSERT INTO TRANSACTION VALUES ( 'T0083', '3526013006580042', '3412150112050067', 'LT002', '2021-11-22', '2022-05-28', 'LUNAS', '15000000', '3025000', 'NULL');
INSERT INTO TRANSACTION VALUES ( 'T0084', '3525017006750042', '3401200108060009', 'LT002', '2021-12-18', '2022-06-28', 'LUNAS', '1000000', '201666.67', 'NULL');
INSERT INTO TRANSACTION VALUES ( 'T0085', '3326162102740041', '3412150112050067', 'LT002', '2021-12-19', '2022-06-28', 'LUNAS', '15000000', '4033333.33', 'NULL');
INSERT INTO TRANSACTION VALUES ( 'T0086', '3326164807880001', '3412150112050067', 'LT001', '2021-12-19', '2022-03-28', 'LUNAS', '2500000', '950000', 'NULL');
INSERT INTO TRANSACTION VALUES ( 'T0087', '3525017006540043', '3401200108060009', 'LT002', '2021-12-25', '2022-06-28', 'LUNAS', '2000000', '403333.33', 'NULL');
INSERT INTO TRANSACTION VALUES ( 'T0088', '3326164807880001', '3412150112050067', 'LT001', '2021-12-30', '2022-03-28', 'LUNAS', '1000000', '380000', 'NULL');
INSERT INTO TRANSACTION VALUES ( 'T0089', '2125012005590001', '3401200108060009', 'LT002', '2022-01-02', '2022-07-15', 'LUNAS', '500000', '100833.33', 'NULL');
INSERT INTO TRANSACTION VALUES ( 'T0090', '3326162102740041', '3401200108060009', 'LT002', '2022-01-12', '2022-07-15', 'LUNAS', '5000000', '4033333.33', 'NULL');
INSERT INTO TRANSACTION VALUES ( 'T0091', '1425016501830002', '3412150112050067', 'LT002', '2022-01-26', '2022-07-28', 'LUNAS', '250000', '50416.67', 'NULL');
INSERT INTO TRANSACTION VALUES ( 'T0092', '1425016501830002', '3207300205060014', 'LT001', '2022-02-04', '2022-05-15', 'LUNAS', '500000', '190000', 'NULL');
INSERT INTO TRANSACTION VALUES ( 'T0093', '3525011506830001', '3401200108060009', 'LT002', '2022-03-18', '2022-09-28', 'LUNAS', '1000000', '201666.67', 'NULL');
INSERT INTO TRANSACTION VALUES ( 'T0094', '3326164107600589', '3201122812050046', 'LT003', '2022-04-27', '2023-04-28', 'BELUM LUNAS', '10000000', '1083333.33', 'NULL');
INSERT INTO TRANSACTION VALUES ( 'T0095', '3326161508960001', '3201122812050046', 'LT003', '2022-04-29', '2023-04-28', 'BELUM LUNAS', '7500000', '812500', 'NULL');
INSERT INTO TRANSACTION VALUES ( 'T0096', '1425016501830002', '3401200108060009', 'LT001', '2022-05-08', '2022-08-15', 'LUNAS', '1000000', '380000', 'NULL');
INSERT INTO TRANSACTION VALUES ( 'T0097', '3326160609840001', '3201122812050046', 'LT001', '2022-05-09', '2022-08-15', 'LUNAS', '12500000', '4750000', 'NULL');
INSERT INTO TRANSACTION VALUES ( 'T0098', '3525011506830001', '3201122812050046', 'LT003', '2022-05-20', '2023-05-28', 'BELUM LUNAS', '700000', '75833.33', 'NULL');
INSERT INTO TRANSACTION VALUES ( 'T0099', '3526013006580042', '3401200108060009', 'LT002', '2022-05-21', '2022-11-28', 'LUNAS', '4500000', '907500', 'NULL');
INSERT INTO TRANSACTION VALUES ( 'T0100', '3326164107600589', '3656160608070446', 'LT002', '2022-05-27', '2022-11-28', 'LUNAS', '2000000', '403333.33', 'NULL');
INSERT INTO TRANSACTION VALUES ( 'T0101', '3326161508960001', '3207300205060014', 'LT001', '2022-05-29', '2022-08-28', 'LUNAS', '2000000', '760000', 'NULL');
INSERT INTO TRANSACTION VALUES ( 'T0102', '3326160609840001', '3402231403090005', 'LT003', '2022-06-09', '2023-06-15', 'BELUM LUNAS', '500000', '54166.67', 'NULL');
INSERT INTO TRANSACTION VALUES ( 'T0103', '3326165506800001', '3207300205060014', 'LT001', '2022-06-30', '2022-09-28', 'LUNAS', '500000', '190000', 'NULL');
INSERT INTO TRANSACTION VALUES ( 'T0104', '3326162704830021', '3656160608070446', 'LT002', '2022-07-17', '2023-01-28', 'BELUM LUNAS', '100000', '20166.67', 'NULL');
INSERT INTO TRANSACTION VALUES ( 'T0105', '3326161008820041', '3402231403090005', 'LT002', '2022-07-19', '2023-01-28', 'BELUM LUNAS', '300000', '60500', 'NULL');
INSERT INTO TRANSACTION VALUES ( 'T0106', '3326161508960001', '3326160608070197', 'LT003', '2022-08-01', '2023-08-15', 'BELUM LUNAS', '4000000', '433333.33', 'NULL');
INSERT INTO TRANSACTION VALUES ( 'T0107', '3525011506830001', '3326160608070197', 'LT002', '2022-08-05', '2023-02-15', 'BELUM LUNAS', '1200000', '242000', 'NULL');
INSERT INTO TRANSACTION VALUES ( 'T0108', '3326165506800001', '3656160608070446', 'LT002', '2022-08-12', '2023-02-15', 'BELUM LUNAS', '250000', '50416.67', 'NULL');
INSERT INTO TRANSACTION VALUES ( 'T0109', '3326161008820041', '3402231403090005', 'LT003', '2022-08-20', '2023-08-28', 'BELUM LUNAS', '200000', '21666.67', 'NULL');
INSERT INTO TRANSACTION VALUES ( 'T0110', '3125014603660003', '3326160608070197', 'LT002', '2022-09-03', '2023-03-15', 'BELUM LUNAS', '15000000', '3025000', 'NULL');
INSERT INTO TRANSACTION VALUES ( 'T0111', '3326161008820041', '3326160608070197', 'LT001', '2022-09-20', '2022-12-28', 'BELUM LUNAS', '500000', '190000', 'NULL');
INSERT INTO TRANSACTION VALUES ( 'T0112', '3525013006580043', '3326160608070197', 'LT003', '2022-09-23', '2023-09-28', 'BELUM LUNAS', '7000000', '758333.33', 'NULL');
INSERT INTO TRANSACTION VALUES ( 'T0113', '1225014908920001', '3402231403090005', 'LT003', '2022-09-28', '2023-09-28', 'BELUM LUNAS', '20000000', '2166666.67', 'NULL');
INSERT INTO TRANSACTION VALUES ( 'T0114', '3125014603660003', '3402231403090005', 'LT002', '2022-10-01', '2023-04-15', 'BELUM LUNAS', '10000000', '2016666.67', 'NULL');
INSERT INTO TRANSACTION VALUES ( 'T0115', '3326165506800001', '3402231403090005', 'LT002', '2022-10-12', '2023-04-15', 'BELUM LUNAS', '750000', '151250', 'NULL');
INSERT INTO TRANSACTION VALUES ( 'T0116', '3314076404720003', '3401200108060009', 'LT002', '2022-11-05', '2023-05-15', 'BELUM LUNAS', '6000000', '1210000', 'NULL');
INSERT INTO TRANSACTION VALUES ( 'T0117', '3326162704830021', '3201122812050046', 'LT003', '2022-11-11', '2023-11-15', 'BELUM LUNAS', '100000', '10833.33', 'NULL');
INSERT INTO TRANSACTION VALUES ( 'T0118', '3326161603020001', '3201122812050046', 'LT001', '2022-11-17', '2023-02-28', 'BELUM LUNAS', '10000000', '3800000', 'NULL');
INSERT INTO TRANSACTION VALUES ( 'T0119', '3525013006580043', '3402231403090005', 'LT002', '2022-11-27', '2023-05-28', 'BELUM LUNAS', '15000000', '3025000', 'NULL');
INSERT INTO TRANSACTION VALUES ( 'T0120', '3326162704830021', '3201122812050046', 'LT001', '2022-12-01', '2023-03-15', 'BELUM LUNAS', '200000', '76000', 'NULL');
INSERT INTO TRANSACTION VALUES ( 'T0121', '3525016501830002', '3201122812050046', 'LT001', '2022-12-11', '2023-03-15', 'BELUM LUNAS', '300000', '114000', 'NULL');
INSERT INTO TRANSACTION VALUES ( 'T0122', '3525016501830002', '3201122812050046', 'LT001', '2022-12-20', '2023-03-28', 'BELUM LUNAS', '200000', '76000', 'NULL');
INSERT INTO TRANSACTION VALUES ( 'T0123', '3326161603020001', '3402231403090005', 'LT001', '2022-12-25', '2023-03-28', 'BELUM LUNAS', '3500000', '1330000', 'NULL');
INSERT INTO TRANSACTION VALUES ( 'T0124', '3525015212920003', '3402231403090005', 'LT003', '2022-12-28', '2023-12-28', 'BELUM LUNAS', '5000000', '541666.67', 'NULL');

INSERT INTO LOAN_PAYMENT VALUES ( 'LP0001', 'T0001', '2019-02-19', '95000');
INSERT INTO LOAN_PAYMENT VALUES ( 'LP0002', 'T0003', '2019-03-10', '1815000');
INSERT INTO LOAN_PAYMENT VALUES ( 'LP0003', 'T0002', '2019-03-14', '2823333.33');
INSERT INTO LOAN_PAYMENT VALUES ( 'LP0004', 'T0004', '2019-03-16', '162500');
INSERT INTO LOAN_PAYMENT VALUES ( 'LP0005', 'T0001', '2019-03-20', '95000');
INSERT INTO LOAN_PAYMENT VALUES ( 'LP0006', 'T0006', '2019-04-10', '190000');
INSERT INTO LOAN_PAYMENT VALUES ( 'LP0007', 'T0005', '2019-04-11', '54166.67');
INSERT INTO LOAN_PAYMENT VALUES ( 'LP0008', 'T0003', '2019-04-12', '1815000');
INSERT INTO LOAN_PAYMENT VALUES ( 'LP0009', 'T0002', '2019-04-13', '2823333.33');
INSERT INTO LOAN_PAYMENT VALUES ( 'LP0010', 'T0004', '2019-04-17', '162500');
INSERT INTO LOAN_PAYMENT VALUES ( 'LP0011', 'T0001', '2019-04-25', '95000');
INSERT INTO LOAN_PAYMENT VALUES ( 'LP0012', 'T0007', '2019-04-30', '5710000');
INSERT INTO LOAN_PAYMENT VALUES ( 'LP0013', 'T0005', '2019-05-05', '54166.67');
INSERT INTO LOAN_PAYMENT VALUES ( 'LP0014', 'T0002', '2019-05-12', '2823333.33');
INSERT INTO LOAN_PAYMENT VALUES ( 'LP0015', 'T0003', '2019-05-13', '1815000');
INSERT INTO LOAN_PAYMENT VALUES ( 'LP0016', 'T0006', '2019-05-20', '215000');
INSERT INTO LOAN_PAYMENT VALUES ( 'LP0017', 'T0004', '2019-05-20', '162500');
INSERT INTO LOAN_PAYMENT VALUES ( 'LP0018', 'T0007', '2019-05-26', '5700000');
INSERT INTO LOAN_PAYMENT VALUES ( 'LP0019', 'T0005', '2019-06-07', '54166.67');
INSERT INTO LOAN_PAYMENT VALUES ( 'LP0020', 'T0002', '2019-06-10', '2823333.33');
INSERT INTO LOAN_PAYMENT VALUES ( 'LP0021', 'T0008', '2019-06-11', '161333.33');
INSERT INTO LOAN_PAYMENT VALUES ( 'LP0022', 'T0003', '2019-06-12', '1815000');
INSERT INTO LOAN_PAYMENT VALUES ( 'LP0023', 'T0006', '2019-06-16', '195000');
INSERT INTO LOAN_PAYMENT VALUES ( 'LP0024', 'T0009', '2019-06-16', '190000');
INSERT INTO LOAN_PAYMENT VALUES ( 'LP0025', 'T0007', '2019-07-02', '5720000');
INSERT INTO LOAN_PAYMENT VALUES ( 'LP0026', 'T0004', '2019-07-03', '212500');
INSERT INTO LOAN_PAYMENT VALUES ( 'LP0027', 'T0002', '2019-07-11', '2823333.33');
INSERT INTO LOAN_PAYMENT VALUES ( 'LP0028', 'T0005', '2019-07-11', '54166.67');
INSERT INTO LOAN_PAYMENT VALUES ( 'LP0029', 'T0003', '2019-07-12', '1815000');
INSERT INTO LOAN_PAYMENT VALUES ( 'LP0030', 'T0008', '2019-07-12', '161333.33');
INSERT INTO LOAN_PAYMENT VALUES ( 'LP0031', 'T0009', '2019-07-19', '190000');
INSERT INTO LOAN_PAYMENT VALUES ( 'LP0032', 'T0004', '2019-07-22', '162500');
INSERT INTO LOAN_PAYMENT VALUES ( 'LP0033', 'T0008', '2019-08-10', '161333.33');
INSERT INTO LOAN_PAYMENT VALUES ( 'LP0034', 'T0002', '2019-08-14', '2823333.33');
INSERT INTO LOAN_PAYMENT VALUES ( 'LP0035', 'T0003', '2019-08-14', '1815000');
INSERT INTO LOAN_PAYMENT VALUES ( 'LP0036', 'T0005', '2019-08-14', '54166.67');
INSERT INTO LOAN_PAYMENT VALUES ( 'LP0037', 'T0010', '2019-08-18', '1210000');
INSERT INTO LOAN_PAYMENT VALUES ( 'LP0038', 'T0004', '2019-08-19', '162500');
INSERT INTO LOAN_PAYMENT VALUES ( 'LP0039', 'T0009', '2019-08-20', '190000');
INSERT INTO LOAN_PAYMENT VALUES ( 'LP0040', 'T0011', '2019-08-25', '3800000');
INSERT INTO LOAN_PAYMENT VALUES ( 'LP0041', 'T0008', '2019-09-05', '161333.33');
INSERT INTO LOAN_PAYMENT VALUES ( 'LP0042', 'T0013', '2019-09-08', '54166.67');
INSERT INTO LOAN_PAYMENT VALUES ( 'LP0043', 'T0005', '2019-09-10', '54166.67');
INSERT INTO LOAN_PAYMENT VALUES ( 'LP0044', 'T0012', '2019-09-10', '162500');
INSERT INTO LOAN_PAYMENT VALUES ( 'LP0045', 'T0004', '2019-09-19', '162500');
INSERT INTO LOAN_PAYMENT VALUES ( 'LP0046', 'T0010', '2019-09-19', '1210000');
INSERT INTO LOAN_PAYMENT VALUES ( 'LP0047', 'T0011', '2019-09-29', '3805000');
INSERT INTO LOAN_PAYMENT VALUES ( 'LP0048', 'T0014', '2019-09-20', '1083333.33');
INSERT INTO LOAN_PAYMENT VALUES ( 'LP0049', 'T0008', '2019-10-06', '161333.33');
INSERT INTO LOAN_PAYMENT VALUES ( 'LP0050', 'T0013', '2019-10-11', '54166.67');
INSERT INTO LOAN_PAYMENT VALUES ( 'LP0051', 'T0005', '2019-10-12', '54166.67');
INSERT INTO LOAN_PAYMENT VALUES ( 'LP0052', 'T0012', '2019-10-12', '162500');
INSERT INTO LOAN_PAYMENT VALUES ( 'LP0053', 'T0004', '2019-10-20', '162500');
INSERT INTO LOAN_PAYMENT VALUES ( 'LP0054', 'T0011', '2019-10-30', '3810000');
INSERT INTO LOAN_PAYMENT VALUES ( 'LP0055', 'T0010', '2019-10-22', '1210000');
INSERT INTO LOAN_PAYMENT VALUES ( 'LP0056', 'T0014', '2019-10-27', '1083333.33');
INSERT INTO LOAN_PAYMENT VALUES ( 'LP0057', 'T0012', '2019-11-05', '162500');
INSERT INTO LOAN_PAYMENT VALUES ( 'LP0058', 'T0015', '2019-11-06', '541666.67');
INSERT INTO LOAN_PAYMENT VALUES ( 'LP0059', 'T0005', '2019-11-10', '54166.67');
INSERT INTO LOAN_PAYMENT VALUES ( 'LP0060', 'T0008', '2019-11-10', '161333.33');
INSERT INTO LOAN_PAYMENT VALUES ( 'LP0061', 'T0013', '2019-11-10', '54166.67');
INSERT INTO LOAN_PAYMENT VALUES ( 'LP0062', 'T0004', '2019-11-16', '162500');
INSERT INTO LOAN_PAYMENT VALUES ( 'LP0063', 'T0014', '2019-11-16', '1083333.33');
INSERT INTO LOAN_PAYMENT VALUES ( 'LP0064', 'T0010', '2019-11-18', '1210000');
INSERT INTO LOAN_PAYMENT VALUES ( 'LP0065', 'T0015', '2019-12-07', '541666.67');
INSERT INTO LOAN_PAYMENT VALUES ( 'LP0066', 'T0005', '2019-12-11', '54166.67');
INSERT INTO LOAN_PAYMENT VALUES ( 'LP0067', 'T0013', '2019-12-12', '54166.67');
INSERT INTO LOAN_PAYMENT VALUES ( 'LP0068', 'T0012', '2019-12-14', '162500');
INSERT INTO LOAN_PAYMENT VALUES ( 'LP0069', 'T0014', '2019-12-16', '1083333.33');
INSERT INTO LOAN_PAYMENT VALUES ( 'LP0070', 'T0004', '2019-12-19', '162500');
INSERT INTO LOAN_PAYMENT VALUES ( 'LP0071', 'T0010', '2019-12-24', '1210000');
INSERT INTO LOAN_PAYMENT VALUES ( 'LP0072', 'T0005', '2020-01-10', '54166.67');
INSERT INTO LOAN_PAYMENT VALUES ( 'LP0073', 'T0013', '2020-01-10', '54166.67');
INSERT INTO LOAN_PAYMENT VALUES ( 'LP0074', 'T0015', '2020-01-11', '541666.67');
INSERT INTO LOAN_PAYMENT VALUES ( 'LP0075', 'T0012', '2020-01-13', '162500');
INSERT INTO LOAN_PAYMENT VALUES ( 'LP0076', 'T0016', '2020-01-14', '1411666.67');
INSERT INTO LOAN_PAYMENT VALUES ( 'LP0077', 'T0017', '2020-01-14', '541666.67');
INSERT INTO LOAN_PAYMENT VALUES ( 'LP0078', 'T0018', '2020-01-14', '3025000');
INSERT INTO LOAN_PAYMENT VALUES ( 'LP0079', 'T0014', '2020-01-17', '1083333.33');
INSERT INTO LOAN_PAYMENT VALUES ( 'LP0080', 'T0004', '2020-01-20', '162500');
INSERT INTO LOAN_PAYMENT VALUES ( 'LP0081', 'T0019', '2020-01-20', '1520000');
INSERT INTO LOAN_PAYMENT VALUES ( 'LP0082', 'T0010', '2020-01-25', '1210000');
INSERT INTO LOAN_PAYMENT VALUES ( 'LP0083', 'T0021', '2020-01-25', '201666.67');
INSERT INTO LOAN_PAYMENT VALUES ( 'LP0084', 'T0022', '2020-01-25', '86666.67');
INSERT INTO LOAN_PAYMENT VALUES ( 'LP0085', 'T0020', '2020-01-27', '95000');
INSERT INTO LOAN_PAYMENT VALUES ( 'LP0086', 'T0013', '2020-02-09', '54166.67');
INSERT INTO LOAN_PAYMENT VALUES ( 'LP0087', 'T0015', '2020-02-12', '541666.67');
INSERT INTO LOAN_PAYMENT VALUES ( 'LP0088', 'T0017', '2020-02-18', '571666.67');
INSERT INTO LOAN_PAYMENT VALUES ( 'LP0089', 'T0018', '2020-02-13', '3025000');
INSERT INTO LOAN_PAYMENT VALUES ( 'LP0090', 'T0025', '2020-02-13', '570000');
INSERT INTO LOAN_PAYMENT VALUES ( 'LP0091', 'T0005', '2020-02-14', '54166.67');
INSERT INTO LOAN_PAYMENT VALUES ( 'LP0092', 'T0012', '2020-02-14', '162500');
INSERT INTO LOAN_PAYMENT VALUES ( 'LP0093', 'T0016', '2020-02-14', '1411666.67');
INSERT INTO LOAN_PAYMENT VALUES ( 'LP0094', 'T0023', '2020-02-19', '590000');
INSERT INTO LOAN_PAYMENT VALUES ( 'LP0095', 'T0024', '2020-02-14', '4033333.33');
INSERT INTO LOAN_PAYMENT VALUES ( 'LP0096', 'T0027', '2020-02-17', '504166.67');
INSERT INTO LOAN_PAYMENT VALUES ( 'LP0097', 'T0014', '2020-02-19', '1083333.33');
INSERT INTO LOAN_PAYMENT VALUES ( 'LP0098', 'T0021', '2020-02-20', '201666.67');
INSERT INTO LOAN_PAYMENT VALUES ( 'LP0099', 'T0022', '2020-02-24', '86666.67');
INSERT INTO LOAN_PAYMENT VALUES ( 'LP0100', 'T0004', '2020-02-25', '162500');
INSERT INTO LOAN_PAYMENT VALUES ( 'LP0101', 'T0019', '2020-02-25', '1520000');
INSERT INTO LOAN_PAYMENT VALUES ( 'LP0102', 'T0026', '2020-02-25', '54166.67');
INSERT INTO LOAN_PAYMENT VALUES ( 'LP0103', 'T0020', '2020-02-26', '95000');
INSERT INTO LOAN_PAYMENT VALUES ( 'LP0104', 'T0024', '2020-03-05', '4033333.33');
INSERT INTO LOAN_PAYMENT VALUES ( 'LP0105', 'T0025', '2020-03-05', '570000');
INSERT INTO LOAN_PAYMENT VALUES ( 'LP0106', 'T0013', '2020-03-07', '54166.67');
INSERT INTO LOAN_PAYMENT VALUES ( 'LP0107', 'T0005', '2020-03-10', '54166.67');
INSERT INTO LOAN_PAYMENT VALUES ( 'LP0108', 'T0015', '2020-03-10', '541666.67');
INSERT INTO LOAN_PAYMENT VALUES ( 'LP0109', 'T0029', '2020-03-10', '806666.67');
INSERT INTO LOAN_PAYMENT VALUES ( 'LP0110', 'T0012', '2020-03-11', '162500');
INSERT INTO LOAN_PAYMENT VALUES ( 'LP0111', 'T0017', '2020-03-12', '541666.67');
INSERT INTO LOAN_PAYMENT VALUES ( 'LP0112', 'T0018', '2020-03-12', '3025000');
INSERT INTO LOAN_PAYMENT VALUES ( 'LP0113', 'T0016', '2020-03-13', '1411666.67');
INSERT INTO LOAN_PAYMENT VALUES ( 'LP0114', 'T0023', '2020-03-13', '570000');
INSERT INTO LOAN_PAYMENT VALUES ( 'LP0115', 'T0028', '2020-03-13', '190000');
INSERT INTO LOAN_PAYMENT VALUES ( 'LP0116', 'T0014', '2020-03-18', '1083333.33');
INSERT INTO LOAN_PAYMENT VALUES ( 'LP0117', 'T0027', '2020-03-19', '504166.67');
INSERT INTO LOAN_PAYMENT VALUES ( 'LP0118', 'T0022', '2020-03-23', '86666.67');
INSERT INTO LOAN_PAYMENT VALUES ( 'LP0119', 'T0020', '2020-03-25', '95000');
INSERT INTO LOAN_PAYMENT VALUES ( 'LP0120', 'T0026', '2020-03-25', '54166.67');
INSERT INTO LOAN_PAYMENT VALUES ( 'LP0121', 'T0021', '2020-03-26', '201666.67');
INSERT INTO LOAN_PAYMENT VALUES ( 'LP0122', 'T0019', '2020-03-27', '1520000');
INSERT INTO LOAN_PAYMENT VALUES ( 'LP0123', 'T0016', '2020-04-02', '1411666.67');
INSERT INTO LOAN_PAYMENT VALUES ( 'LP0124', 'T0013', '2020-04-08', '54166.67');
INSERT INTO LOAN_PAYMENT VALUES ( 'LP0125', 'T0024', '2020-04-08', '4033333.33');
INSERT INTO LOAN_PAYMENT VALUES ( 'LP0126', 'T0015', '2020-04-11', '541666.67');
INSERT INTO LOAN_PAYMENT VALUES ( 'LP0127', 'T0017', '2020-04-17', '561666.67');
INSERT INTO LOAN_PAYMENT VALUES ( 'LP0128', 'T0018', '2020-04-11', '3025000');
INSERT INTO LOAN_PAYMENT VALUES ( 'LP0129', 'T0029', '2020-04-11', '806666.67');
INSERT INTO LOAN_PAYMENT VALUES ( 'LP0130', 'T0012', '2020-04-12', '162500');
INSERT INTO LOAN_PAYMENT VALUES ( 'LP0131', 'T0028', '2020-04-12', '190000');
INSERT INTO LOAN_PAYMENT VALUES ( 'LP0132', 'T0030', '2020-04-12', '760000');
INSERT INTO LOAN_PAYMENT VALUES ( 'LP0133', 'T0025', '2020-04-13', '570000');
INSERT INTO LOAN_PAYMENT VALUES ( 'LP0134', 'T0023', '2020-04-14', '570000');
INSERT INTO LOAN_PAYMENT VALUES ( 'LP0135', 'T0027', '2020-04-19', '504166.67');
INSERT INTO LOAN_PAYMENT VALUES ( 'LP0136', 'T0026', '2020-04-20', '54166.67');
INSERT INTO LOAN_PAYMENT VALUES ( 'LP0137', 'T0022', '2020-04-24', '86666.67');
INSERT INTO LOAN_PAYMENT VALUES ( 'LP0138', 'T0014', '2020-04-26', '1083333.33');
INSERT INTO LOAN_PAYMENT VALUES ( 'LP0139', 'T0021', '2020-04-27', '201666.67');
INSERT INTO LOAN_PAYMENT VALUES ( 'LP0140', 'T0012', '2020-05-10', '162500');
INSERT INTO LOAN_PAYMENT VALUES ( 'LP0141', 'T0029', '2020-05-10', '806666.67');
INSERT INTO LOAN_PAYMENT VALUES ( 'LP0142', 'T0013', '2020-05-11', '54166.67');
INSERT INTO LOAN_PAYMENT VALUES ( 'LP0143', 'T0030', '2020-05-11', '760000');
INSERT INTO LOAN_PAYMENT VALUES ( 'LP0144', 'T0018', '2020-05-12', '3025000');
INSERT INTO LOAN_PAYMENT VALUES ( 'LP0145', 'T0016', '2020-05-13', '1411666.67');
INSERT INTO LOAN_PAYMENT VALUES ( 'LP0146', 'T0017', '2020-05-13', '541666.67');
INSERT INTO LOAN_PAYMENT VALUES ( 'LP0147', 'T0015', '2020-05-14', '541666.67');
INSERT INTO LOAN_PAYMENT VALUES ( 'LP0148', 'T0024', '2020-05-14', '4033333.33');
INSERT INTO LOAN_PAYMENT VALUES ( 'LP0149', 'T0028', '2020-05-14', '190000');
INSERT INTO LOAN_PAYMENT VALUES ( 'LP0150', 'T0031', '2020-05-14', '950000');
INSERT INTO LOAN_PAYMENT VALUES ( 'LP0151', 'T0027', '2020-05-20', '504166.67');
INSERT INTO LOAN_PAYMENT VALUES ( 'LP0152', 'T0026', '2020-05-21', '54166.67');
INSERT INTO LOAN_PAYMENT VALUES ( 'LP0153', 'T0014', '2020-05-23', '1083333.33');
INSERT INTO LOAN_PAYMENT VALUES ( 'LP0154', 'T0022', '2020-05-24', '86666.67');
INSERT INTO LOAN_PAYMENT VALUES ( 'LP0155', 'T0021', '2020-05-25', '201666.67');
INSERT INTO LOAN_PAYMENT VALUES ( 'LP0156', 'T0032', '2020-05-25', '950000');
INSERT INTO LOAN_PAYMENT VALUES ( 'LP0157', 'T0033', '2020-06-05', '621666.67');
INSERT INTO LOAN_PAYMENT VALUES ( 'LP0158', 'T0015', '2020-06-02', '541666.67');
INSERT INTO LOAN_PAYMENT VALUES ( 'LP0159', 'T0012', '2020-06-04', '162500');
INSERT INTO LOAN_PAYMENT VALUES ( 'LP0160', 'T0035', '2020-06-05', '504166.67');
INSERT INTO LOAN_PAYMENT VALUES ( 'LP0161', 'T0013', '2020-06-12', '54166.67');
INSERT INTO LOAN_PAYMENT VALUES ( 'LP0162', 'T0016', '2020-06-12', '1411666.67');
INSERT INTO LOAN_PAYMENT VALUES ( 'LP0163', 'T0017', '2020-06-12', '541666.67');
INSERT INTO LOAN_PAYMENT VALUES ( 'LP0164', 'T0029', '2020-06-12', '806666.67');
INSERT INTO LOAN_PAYMENT VALUES ( 'LP0165', 'T0018', '2020-06-13', '3025000');
INSERT INTO LOAN_PAYMENT VALUES ( 'LP0166', 'T0024', '2020-06-13', '4033333.33');
INSERT INTO LOAN_PAYMENT VALUES ( 'LP0167', 'T0031', '2020-06-13', '950000');
INSERT INTO LOAN_PAYMENT VALUES ( 'LP0168', 'T0034', '2020-06-13', '325000');
INSERT INTO LOAN_PAYMENT VALUES ( 'LP0169', 'T0036', '2020-06-13', '760000');
INSERT INTO LOAN_PAYMENT VALUES ( 'LP0170', 'T0030', '2020-06-14', '760000');
INSERT INTO LOAN_PAYMENT VALUES ( 'LP0171', 'T0037', '2020-06-14', '60500');
INSERT INTO LOAN_PAYMENT VALUES ( 'LP0172', 'T0038', '2020-06-14', '487500');
INSERT INTO LOAN_PAYMENT VALUES ( 'LP0173', 'T0039', '2020-06-14', '950000');
INSERT INTO LOAN_PAYMENT VALUES ( 'LP0174', 'T0040', '2020-06-14', '100833.33');
INSERT INTO LOAN_PAYMENT VALUES ( 'LP0175', 'T0033', '2020-06-16', '541666.67');
INSERT INTO LOAN_PAYMENT VALUES ( 'LP0176', 'T0026', '2020-06-17', '54166.67');
INSERT INTO LOAN_PAYMENT VALUES ( 'LP0177', 'T0022', '2020-06-19', '86666.67');
INSERT INTO LOAN_PAYMENT VALUES ( 'LP0178', 'T0027', '2020-06-19', '504166.67');
INSERT INTO LOAN_PAYMENT VALUES ( 'LP0179', 'T0014', '2020-06-20', '1083333.33');
INSERT INTO LOAN_PAYMENT VALUES ( 'LP0180', 'T0021', '2020-06-25', '201666.67');
INSERT INTO LOAN_PAYMENT VALUES ( 'LP0181', 'T0032', '2020-06-25', '950000');
INSERT INTO LOAN_PAYMENT VALUES ( 'LP0182', 'T0041', '2020-06-25', '190000');
INSERT INTO LOAN_PAYMENT VALUES ( 'LP0183', 'T0015', '2020-07-01', '541666.67');
INSERT INTO LOAN_PAYMENT VALUES ( 'LP0184', 'T0037', '2020-07-04', '60500');
INSERT INTO LOAN_PAYMENT VALUES ( 'LP0185', 'T0035', '2020-07-05', '504166.67');
INSERT INTO LOAN_PAYMENT VALUES ( 'LP0186', 'T0012', '2020-07-09', '162500');
INSERT INTO LOAN_PAYMENT VALUES ( 'LP0187', 'T0013', '2020-07-11', '54166.67');
INSERT INTO LOAN_PAYMENT VALUES ( 'LP0188', 'T0024', '2020-07-12', '4033333.33');
INSERT INTO LOAN_PAYMENT VALUES ( 'LP0189', 'T0034', '2020-07-12', '325000');
INSERT INTO LOAN_PAYMENT VALUES ( 'LP0190', 'T0036', '2020-07-12', '760000');
INSERT INTO LOAN_PAYMENT VALUES ( 'LP0191', 'T0017', '2020-07-13', '541666.67');
INSERT INTO LOAN_PAYMENT VALUES ( 'LP0192', 'T0038', '2020-07-13', '487500');
INSERT INTO LOAN_PAYMENT VALUES ( 'LP0193', 'T0039', '2020-07-13', '950000');
INSERT INTO LOAN_PAYMENT VALUES ( 'LP0194', 'T0040', '2020-07-13', '100833.33');
INSERT INTO LOAN_PAYMENT VALUES ( 'LP0195', 'T0029', '2020-07-14', '806666.67');
INSERT INTO LOAN_PAYMENT VALUES ( 'LP0196', 'T0031', '2020-07-14', '950000');
INSERT INTO LOAN_PAYMENT VALUES ( 'LP0197', 'T0026', '2020-07-17', '54166.67');
INSERT INTO LOAN_PAYMENT VALUES ( 'LP0198', 'T0033', '2020-07-17', '541666.67');
INSERT INTO LOAN_PAYMENT VALUES ( 'LP0199', 'T0014', '2020-07-19', '1083333.33');
INSERT INTO LOAN_PAYMENT VALUES ( 'LP0200', 'T0022', '2020-07-19', '86666.67');
INSERT INTO LOAN_PAYMENT VALUES ( 'LP0201', 'T0027', '2020-07-25', '504166.67');
INSERT INTO LOAN_PAYMENT VALUES ( 'LP0202', 'T0041', '2020-07-26', '190000');
INSERT INTO LOAN_PAYMENT VALUES ( 'LP0203', 'T0032', '2020-07-27', '950000');
INSERT INTO LOAN_PAYMENT VALUES ( 'LP0204', 'T0037', '2020-08-04', '60500');
INSERT INTO LOAN_PAYMENT VALUES ( 'LP0205', 'T0024', '2020-08-11', '4033333.33');
INSERT INTO LOAN_PAYMENT VALUES ( 'LP0206', 'T0038', '2020-08-11', '487500');
INSERT INTO LOAN_PAYMENT VALUES ( 'LP0207', 'T0034', '2020-08-12', '325000');
INSERT INTO LOAN_PAYMENT VALUES ( 'LP0208', 'T0042', '2020-08-12', '4033333.33');
INSERT INTO LOAN_PAYMENT VALUES ( 'LP0209', 'T0013', '2020-08-13', '54166.67');
INSERT INTO LOAN_PAYMENT VALUES ( 'LP0210', 'T0040', '2020-08-13', '100833.33');
INSERT INTO LOAN_PAYMENT VALUES ( 'LP0211', 'T0012', '2020-08-14', '162500');
INSERT INTO LOAN_PAYMENT VALUES ( 'LP0212', 'T0015', '2020-08-14', '541666.67');
INSERT INTO LOAN_PAYMENT VALUES ( 'LP0213', 'T0017', '2020-08-14', '541666.67');
INSERT INTO LOAN_PAYMENT VALUES ( 'LP0214', 'T0029', '2020-08-14', '806666.67');
INSERT INTO LOAN_PAYMENT VALUES ( 'LP0215', 'T0035', '2020-08-14', '504166.67');
INSERT INTO LOAN_PAYMENT VALUES ( 'LP0216', 'T0036', '2020-08-14', '760000');
INSERT INTO LOAN_PAYMENT VALUES ( 'LP0217', 'T0039', '2020-08-14', '950000');
INSERT INTO LOAN_PAYMENT VALUES ( 'LP0218', 'T0026', '2020-08-17', '54166.67');
INSERT INTO LOAN_PAYMENT VALUES ( 'LP0219', 'T0033', '2020-08-17', '541666.67');
INSERT INTO LOAN_PAYMENT VALUES ( 'LP0220', 'T0022', '2020-08-20', '86666.67');
INSERT INTO LOAN_PAYMENT VALUES ( 'LP0221', 'T0014', '2020-08-25', '1083333.33');
INSERT INTO LOAN_PAYMENT VALUES ( 'LP0222', 'T0041', '2020-08-25', '190000');
INSERT INTO LOAN_PAYMENT VALUES ( 'LP0223', 'T0043', '2020-09-04', '950000');
INSERT INTO LOAN_PAYMENT VALUES ( 'LP0224', 'T0038', '2020-09-05', '487500');
INSERT INTO LOAN_PAYMENT VALUES ( 'LP0225', 'T0017', '2020-09-06', '541666.67');
INSERT INTO LOAN_PAYMENT VALUES ( 'LP0226', 'T0045', '2020-09-07', '54166.67');
INSERT INTO LOAN_PAYMENT VALUES ( 'LP0227', 'T0044', '2020-09-08', '2166666.67');
INSERT INTO LOAN_PAYMENT VALUES ( 'LP0228', 'T0040', '2020-09-09', '100833.33');
INSERT INTO LOAN_PAYMENT VALUES ( 'LP0229', 'T0042', '2020-09-10', '4033333.33');
INSERT INTO LOAN_PAYMENT VALUES ( 'LP0230', 'T0024', '2020-09-11', '4033333.33');
INSERT INTO LOAN_PAYMENT VALUES ( 'LP0231', 'T0037', '2020-09-11', '60500');
INSERT INTO LOAN_PAYMENT VALUES ( 'LP0232', 'T0043', '2020-09-11', '950000');
INSERT INTO LOAN_PAYMENT VALUES ( 'LP0233', 'T0046', '2020-09-12', '216666.67');
INSERT INTO LOAN_PAYMENT VALUES ( 'LP0234', 'T0034', '2020-09-13', '325000');
INSERT INTO LOAN_PAYMENT VALUES ( 'LP0235', 'T0015', '2020-09-14', '541666.67');
INSERT INTO LOAN_PAYMENT VALUES ( 'LP0236', 'T0035', '2020-09-14', '504166.67');
INSERT INTO LOAN_PAYMENT VALUES ( 'LP0237', 'T0047', '2020-09-16', '162500');
INSERT INTO LOAN_PAYMENT VALUES ( 'LP0238', 'T0026', '2020-09-18', '54166.67');
INSERT INTO LOAN_PAYMENT VALUES ( 'LP0239', 'T0033', '2020-09-18', '541666.67');
INSERT INTO LOAN_PAYMENT VALUES ( 'LP0240', 'T0022', '2020-09-20', '86666.67');
INSERT INTO LOAN_PAYMENT VALUES ( 'LP0241', 'T0034', '2020-10-04', '325000');
INSERT INTO LOAN_PAYMENT VALUES ( 'LP0242', 'T0015', '2020-10-05', '541666.67');
INSERT INTO LOAN_PAYMENT VALUES ( 'LP0243', 'T0038', '2020-10-05', '487500');
INSERT INTO LOAN_PAYMENT VALUES ( 'LP0244', 'T0017', '2020-10-07', '541666.67');
INSERT INTO LOAN_PAYMENT VALUES ( 'LP0245', 'T0042', '2020-10-07', '4033333.33');
INSERT INTO LOAN_PAYMENT VALUES ( 'LP0246', 'T0040', '2020-10-10', '100833.33');
INSERT INTO LOAN_PAYMENT VALUES ( 'LP0247', 'T0046', '2020-10-10', '216666.67');
INSERT INTO LOAN_PAYMENT VALUES ( 'LP0248', 'T0045', '2020-10-11', '54166.67');
INSERT INTO LOAN_PAYMENT VALUES ( 'LP0249', 'T0024', '2020-10-12', '4033333.33');
INSERT INTO LOAN_PAYMENT VALUES ( 'LP0250', 'T0037', '2020-10-12', '60500');
INSERT INTO LOAN_PAYMENT VALUES ( 'LP0251', 'T0044', '2020-10-12', '2166666.67');
INSERT INTO LOAN_PAYMENT VALUES ( 'LP0252', 'T0048', '2020-10-13', '162500');
INSERT INTO LOAN_PAYMENT VALUES ( 'LP0253', 'T0035', '2020-10-14', '504166.67');
INSERT INTO LOAN_PAYMENT VALUES ( 'LP0254', 'T0022', '2020-10-19', '86666.67');
INSERT INTO LOAN_PAYMENT VALUES ( 'LP0255', 'T0026', '2020-10-19', '54166.67');
INSERT INTO LOAN_PAYMENT VALUES ( 'LP0256', 'T0033', '2020-10-20', '541666.67');
INSERT INTO LOAN_PAYMENT VALUES ( 'LP0257', 'T0047', '2020-10-20', '162500');
INSERT INTO LOAN_PAYMENT VALUES ( 'LP0258', 'T0049', '2020-10-26', '1625000');
INSERT INTO LOAN_PAYMENT VALUES ( 'LP0259', 'T0034', '2020-11-04', '325000');
INSERT INTO LOAN_PAYMENT VALUES ( 'LP0260', 'T0044', '2020-11-05', '2166666.67');
INSERT INTO LOAN_PAYMENT VALUES ( 'LP0261', 'T0017', '2020-11-08', '541666.67');
INSERT INTO LOAN_PAYMENT VALUES ( 'LP0262', 'T0045', '2020-11-09', '54166.67');
INSERT INTO LOAN_PAYMENT VALUES ( 'LP0263', 'T0040', '2020-11-10', '100833.33');
INSERT INTO LOAN_PAYMENT VALUES ( 'LP0264', 'T0024', '2020-11-12', '4033333.33');
INSERT INTO LOAN_PAYMENT VALUES ( 'LP0265', 'T0037', '2020-11-12', '60500');
INSERT INTO LOAN_PAYMENT VALUES ( 'LP0266', 'T0046', '2020-11-12', '216666.67');
INSERT INTO LOAN_PAYMENT VALUES ( 'LP0267', 'T0048', '2020-11-12', '162500');
INSERT INTO LOAN_PAYMENT VALUES ( 'LP0268', 'T0035', '2020-11-14', '504166.67');
INSERT INTO LOAN_PAYMENT VALUES ( 'LP0269', 'T0038', '2020-11-14', '487500');
INSERT INTO LOAN_PAYMENT VALUES ( 'LP0270', 'T0042', '2020-11-14', '4033333.33');
INSERT INTO LOAN_PAYMENT VALUES ( 'LP0271', 'T0043', '2020-11-14', '950000');
INSERT INTO LOAN_PAYMENT VALUES ( 'LP0272', 'T0026', '2020-11-20', '54166.67');
INSERT INTO LOAN_PAYMENT VALUES ( 'LP0273', 'T0033', '2020-11-21', '541666.67');
INSERT INTO LOAN_PAYMENT VALUES ( 'LP0274', 'T0047', '2020-11-22', '162500');
INSERT INTO LOAN_PAYMENT VALUES ( 'LP0275', 'T0049', '2020-11-24', '1625000');
INSERT INTO LOAN_PAYMENT VALUES ( 'LP0276', 'T0022', '2020-11-27', '86666.67');
INSERT INTO LOAN_PAYMENT VALUES ( 'LP0277', 'T0045', '2020-12-02', '54166.67');
INSERT INTO LOAN_PAYMENT VALUES ( 'LP0278', 'T0034', '2020-12-03', '325000');
INSERT INTO LOAN_PAYMENT VALUES ( 'LP0279', 'T0044', '2020-12-06', '2166666.67');
INSERT INTO LOAN_PAYMENT VALUES ( 'LP0280', 'T0017', '2020-12-16', '551666.67');
INSERT INTO LOAN_PAYMENT VALUES ( 'LP0281', 'T0046', '2020-12-09', '216666.67');
INSERT INTO LOAN_PAYMENT VALUES ( 'LP0282', 'T0042', '2020-12-11', '4033333.33');
INSERT INTO LOAN_PAYMENT VALUES ( 'LP0283', 'T0024', '2020-12-13', '4033333.33');
INSERT INTO LOAN_PAYMENT VALUES ( 'LP0284', 'T0038', '2020-12-14', '487500');
INSERT INTO LOAN_PAYMENT VALUES ( 'LP0285', 'T0048', '2020-12-14', '162500');
INSERT INTO LOAN_PAYMENT VALUES ( 'LP0286', 'T0033', '2020-12-21', '541666.67');
INSERT INTO LOAN_PAYMENT VALUES ( 'LP0287', 'T0049', '2020-12-21', '1625000');
INSERT INTO LOAN_PAYMENT VALUES ( 'LP0288', 'T0047', '2020-12-26', '162500');
INSERT INTO LOAN_PAYMENT VALUES ( 'LP0289', 'T0022', '2020-12-27', '86666.67');
INSERT INTO LOAN_PAYMENT VALUES ( 'LP0290', 'T0026', '2020-12-27', '54166.67');
INSERT INTO LOAN_PAYMENT VALUES ( 'LP0291', 'T0052', '2021-01-01', '2166666.67');
INSERT INTO LOAN_PAYMENT VALUES ( 'LP0292', 'T0034', '2021-01-05', '325000');
INSERT INTO LOAN_PAYMENT VALUES ( 'LP0293', 'T0042', '2021-01-09', '4033333.33');
INSERT INTO LOAN_PAYMENT VALUES ( 'LP0294', 'T0045', '2021-01-11', '54166.67');
INSERT INTO LOAN_PAYMENT VALUES ( 'LP0295', 'T0048', '2021-01-11', '162500');
INSERT INTO LOAN_PAYMENT VALUES ( 'LP0296', 'T0051', '2021-01-11', '950000');
INSERT INTO LOAN_PAYMENT VALUES ( 'LP0297', 'T0044', '2021-01-12', '2166666.67');
INSERT INTO LOAN_PAYMENT VALUES ( 'LP0298', 'T0055', '2021-01-12', '201666.67');
INSERT INTO LOAN_PAYMENT VALUES ( 'LP0299', 'T0038', '2021-01-13', '487500');
INSERT INTO LOAN_PAYMENT VALUES ( 'LP0300', 'T0053', '2021-01-13', '76000');
INSERT INTO LOAN_PAYMENT VALUES ( 'LP0301', 'T0054', '2021-01-13', '108333.33');
INSERT INTO LOAN_PAYMENT VALUES ( 'LP0302', 'T0024', '2021-01-14', '4033333.33');
INSERT INTO LOAN_PAYMENT VALUES ( 'LP0303', 'T0050', '2021-01-14', '76000');
INSERT INTO LOAN_PAYMENT VALUES ( 'LP0304', 'T0059', '2021-01-16', '1008333.33');
INSERT INTO LOAN_PAYMENT VALUES ( 'LP0305', 'T0049', '2021-01-18', '1625000');
INSERT INTO LOAN_PAYMENT VALUES ( 'LP0306', 'T0033', '2021-01-22', '541666.67');
INSERT INTO LOAN_PAYMENT VALUES ( 'LP0307', 'T0057', '2021-01-25', '806666.67');
INSERT INTO LOAN_PAYMENT VALUES ( 'LP0308', 'T0026', '2021-01-27', '54166.67');
INSERT INTO LOAN_PAYMENT VALUES ( 'LP0309', 'T0047', '2021-01-27', '162500');
INSERT INTO LOAN_PAYMENT VALUES ( 'LP0310', 'T0056', '2021-01-27', '50416.67');
INSERT INTO LOAN_PAYMENT VALUES ( 'LP0311', 'T0058', '2021-01-27', '76000');
INSERT INTO LOAN_PAYMENT VALUES ( 'LP0312', 'T0046', '2021-01-28', '216666.67');
INSERT INTO LOAN_PAYMENT VALUES ( 'LP0313', 'T0060', '2021-02-01', '100833.33');
INSERT INTO LOAN_PAYMENT VALUES ( 'LP0314', 'T0052', '2021-02-05', '2166666.67');
INSERT INTO LOAN_PAYMENT VALUES ( 'LP0315', 'T0044', '2021-02-09', '2166666.67');
INSERT INTO LOAN_PAYMENT VALUES ( 'LP0316', 'T0045', '2021-02-09', '54166.67');
INSERT INTO LOAN_PAYMENT VALUES ( 'LP0317', 'T0046', '2021-02-09', '216666.67');
INSERT INTO LOAN_PAYMENT VALUES ( 'LP0318', 'T0038', '2021-02-10', '487500');
INSERT INTO LOAN_PAYMENT VALUES ( 'LP0319', 'T0051', '2021-02-10', '950000');
INSERT INTO LOAN_PAYMENT VALUES ( 'LP0320', 'T0053', '2021-02-11', '76000');
INSERT INTO LOAN_PAYMENT VALUES ( 'LP0321', 'T0034', '2021-02-12', '325000');
INSERT INTO LOAN_PAYMENT VALUES ( 'LP0322', 'T0054', '2021-02-12', '108333.33');
INSERT INTO LOAN_PAYMENT VALUES ( 'LP0323', 'T0048', '2021-02-13', '162500');
INSERT INTO LOAN_PAYMENT VALUES ( 'LP0324', 'T0050', '2021-02-14', '76000');
INSERT INTO LOAN_PAYMENT VALUES ( 'LP0325', 'T0055', '2021-02-14', '201666.67');
INSERT INTO LOAN_PAYMENT VALUES ( 'LP0326', 'T0061', '2021-02-14', '1008333.33');
INSERT INTO LOAN_PAYMENT VALUES ( 'LP0327', 'T0049', '2021-02-17', '1625000');
INSERT INTO LOAN_PAYMENT VALUES ( 'LP0328', 'T0059', '2021-02-17', '1008333.33');
INSERT INTO LOAN_PAYMENT VALUES ( 'LP0329', 'T0057', '2021-02-20', '806666.67');
INSERT INTO LOAN_PAYMENT VALUES ( 'LP0330', 'T0047', '2021-02-21', '162500');
INSERT INTO LOAN_PAYMENT VALUES ( 'LP0331', 'T0033', '2021-02-25', '541666.67');
INSERT INTO LOAN_PAYMENT VALUES ( 'LP0332', 'T0056', '2021-02-25', '50416.67');
INSERT INTO LOAN_PAYMENT VALUES ( 'LP0333', 'T0062', '2021-02-25', '30250');
INSERT INTO LOAN_PAYMENT VALUES ( 'LP0334', 'T0058', '2021-02-26', '76000');
INSERT INTO LOAN_PAYMENT VALUES ( 'LP0335', 'T0063', '2021-03-07', '201666.67');
INSERT INTO LOAN_PAYMENT VALUES ( 'LP0336', 'T0044', '2021-03-08', '2166666.67');
INSERT INTO LOAN_PAYMENT VALUES ( 'LP0337', 'T0038', '2021-03-09', '487500');
INSERT INTO LOAN_PAYMENT VALUES ( 'LP0338', 'T0060', '2021-03-10', '100833.33');
INSERT INTO LOAN_PAYMENT VALUES ( 'LP0339', 'T0052', '2021-03-11', '2166666.67');
INSERT INTO LOAN_PAYMENT VALUES ( 'LP0340', 'T0054', '2021-03-11', '108333.33');
INSERT INTO LOAN_PAYMENT VALUES ( 'LP0341', 'T0034', '2021-03-12', '325000');
INSERT INTO LOAN_PAYMENT VALUES ( 'LP0342', 'T0048', '2021-03-12', '162500');
INSERT INTO LOAN_PAYMENT VALUES ( 'LP0343', 'T0046', '2021-03-13', '216666.67');
INSERT INTO LOAN_PAYMENT VALUES ( 'LP0344', 'T0050', '2021-03-13', '76000');
INSERT INTO LOAN_PAYMENT VALUES ( 'LP0345', 'T0053', '2021-03-13', '76000');
INSERT INTO LOAN_PAYMENT VALUES ( 'LP0346', 'T0061', '2021-03-13', '1008333.33');
INSERT INTO LOAN_PAYMENT VALUES ( 'LP0347', 'T0051', '2021-03-14', '950000');
INSERT INTO LOAN_PAYMENT VALUES ( 'LP0348', 'T0055', '2021-03-14', '201666.67');
INSERT INTO LOAN_PAYMENT VALUES ( 'LP0349', 'T0064', '2021-03-14', '95000');
INSERT INTO LOAN_PAYMENT VALUES ( 'LP0350', 'T0045', '2021-03-18', '54166.67');
INSERT INTO LOAN_PAYMENT VALUES ( 'LP0351', 'T0047', '2021-03-19', '162500');
INSERT INTO LOAN_PAYMENT VALUES ( 'LP0352', 'T0056', '2021-03-19', '50416.67');
INSERT INTO LOAN_PAYMENT VALUES ( 'LP0353', 'T0059', '2021-03-19', '1008333.33');
INSERT INTO LOAN_PAYMENT VALUES ( 'LP0354', 'T0057', '2021-03-20', '806666.67');
INSERT INTO LOAN_PAYMENT VALUES ( 'LP0355', 'T0062', '2021-03-24', '30250');
INSERT INTO LOAN_PAYMENT VALUES ( 'LP0356', 'T0033', '2021-03-25', '541666.67');
INSERT INTO LOAN_PAYMENT VALUES ( 'LP0357', 'T0049', '2021-03-25', '1625000');
INSERT INTO LOAN_PAYMENT VALUES ( 'LP0358', 'T0058', '2021-03-25', '76000');
INSERT INTO LOAN_PAYMENT VALUES ( 'LP0359', 'T0065', '2021-03-25', '270833.33');
INSERT INTO LOAN_PAYMENT VALUES ( 'LP0360', 'T0046', '2021-04-07', '216666.67');
INSERT INTO LOAN_PAYMENT VALUES ( 'LP0361', 'T0044', '2021-04-09', '2166666.67');
INSERT INTO LOAN_PAYMENT VALUES ( 'LP0362', 'T0038', '2021-04-11', '487500');
INSERT INTO LOAN_PAYMENT VALUES ( 'LP0363', 'T0052', '2021-04-11', '2166666.67');
INSERT INTO LOAN_PAYMENT VALUES ( 'LP0364', 'T0060', '2021-04-11', '100833.33');
INSERT INTO LOAN_PAYMENT VALUES ( 'LP0365', 'T0045', '2021-04-12', '54166.67');
INSERT INTO LOAN_PAYMENT VALUES ( 'LP0366', 'T0061', '2021-04-12', '1008333.33');
INSERT INTO LOAN_PAYMENT VALUES ( 'LP0367', 'T0034', '2021-04-13', '325000');
INSERT INTO LOAN_PAYMENT VALUES ( 'LP0368', 'T0054', '2021-04-13', '108333.33');
INSERT INTO LOAN_PAYMENT VALUES ( 'LP0369', 'T0055', '2021-04-13', '201666.67');
INSERT INTO LOAN_PAYMENT VALUES ( 'LP0370', 'T0063', '2021-04-13', '201666.67');
INSERT INTO LOAN_PAYMENT VALUES ( 'LP0371', 'T0048', '2021-04-14', '162500');
INSERT INTO LOAN_PAYMENT VALUES ( 'LP0372', 'T0064', '2021-04-14', '95000');
INSERT INTO LOAN_PAYMENT VALUES ( 'LP0373', 'T0066', '2021-04-16', '1625000');
INSERT INTO LOAN_PAYMENT VALUES ( 'LP0374', 'T0059', '2021-04-17', '1008333.33');
INSERT INTO LOAN_PAYMENT VALUES ( 'LP0375', 'T0056', '2021-04-19', '50416.67');
INSERT INTO LOAN_PAYMENT VALUES ( 'LP0376', 'T0049', '2021-04-24', '1625000');
INSERT INTO LOAN_PAYMENT VALUES ( 'LP0377', 'T0062', '2021-04-24', '30250');
INSERT INTO LOAN_PAYMENT VALUES ( 'LP0378', 'T0065', '2021-04-24', '270833.33');
INSERT INTO LOAN_PAYMENT VALUES ( 'LP0379', 'T0033', '2021-04-25', '541666.67');
INSERT INTO LOAN_PAYMENT VALUES ( 'LP0380', 'T0047', '2021-04-25', '162500');
INSERT INTO LOAN_PAYMENT VALUES ( 'LP0381', 'T0067', '2021-04-25', '3800000');
INSERT INTO LOAN_PAYMENT VALUES ( 'LP0382', 'T0057', '2021-04-27', '806666.67');
INSERT INTO LOAN_PAYMENT VALUES ( 'LP0383', 'T0045', '2021-05-01', '54166.67');
INSERT INTO LOAN_PAYMENT VALUES ( 'LP0384', 'T0044', '2021-05-11', '2166666.67');
INSERT INTO LOAN_PAYMENT VALUES ( 'LP0385', 'T0060', '2021-05-11', '100833.33');
INSERT INTO LOAN_PAYMENT VALUES ( 'LP0386', 'T0061', '2021-05-11', '1008333.33');
INSERT INTO LOAN_PAYMENT VALUES ( 'LP0387', 'T0046', '2021-05-12', '216666.67');
INSERT INTO LOAN_PAYMENT VALUES ( 'LP0388', 'T0052', '2021-05-12', '2166666.67');
INSERT INTO LOAN_PAYMENT VALUES ( 'LP0389', 'T0054', '2021-05-12', '108333.33');
INSERT INTO LOAN_PAYMENT VALUES ( 'LP0390', 'T0063', '2021-05-12', '201666.67');
INSERT INTO LOAN_PAYMENT VALUES ( 'LP0391', 'T0048', '2021-05-13', '162500');
INSERT INTO LOAN_PAYMENT VALUES ( 'LP0392', 'T0034', '2021-05-14', '325000');
INSERT INTO LOAN_PAYMENT VALUES ( 'LP0393', 'T0038', '2021-05-14', '487500');
INSERT INTO LOAN_PAYMENT VALUES ( 'LP0394', 'T0055', '2021-05-14', '201666.67');
INSERT INTO LOAN_PAYMENT VALUES ( 'LP0395', 'T0064', '2021-05-14', '95000');
INSERT INTO LOAN_PAYMENT VALUES ( 'LP0396', 'T0066', '2021-05-16', '1625000');
INSERT INTO LOAN_PAYMENT VALUES ( 'LP0397', 'T0056', '2021-05-18', '50416.67');
INSERT INTO LOAN_PAYMENT VALUES ( 'LP0398', 'T0059', '2021-05-20', '1008333.33');
INSERT INTO LOAN_PAYMENT VALUES ( 'LP0399', 'T0047', '2021-05-23', '162500');
INSERT INTO LOAN_PAYMENT VALUES ( 'LP0400', 'T0062', '2021-05-23', '30250');
INSERT INTO LOAN_PAYMENT VALUES ( 'LP0401', 'T0065', '2021-05-24', '270833.33');
INSERT INTO LOAN_PAYMENT VALUES ( 'LP0402', 'T0067', '2021-05-24', '3800000');
INSERT INTO LOAN_PAYMENT VALUES ( 'LP0403', 'T0049', '2021-05-25', '1625000');
INSERT INTO LOAN_PAYMENT VALUES ( 'LP0404', 'T0068', '2021-05-26', '2016666.67');
INSERT INTO LOAN_PAYMENT VALUES ( 'LP0405', 'T0057', '2021-05-27', '806666.67');
INSERT INTO LOAN_PAYMENT VALUES ( 'LP0406', 'T0045', '2021-06-02', '54166.67');
INSERT INTO LOAN_PAYMENT VALUES ( 'LP0407', 'T0046', '2021-06-07', '216666.67');
INSERT INTO LOAN_PAYMENT VALUES ( 'LP0408', 'T0061', '2021-06-10', '1008333.33');
INSERT INTO LOAN_PAYMENT VALUES ( 'LP0409', 'T0054', '2021-06-11', '108333.33');
INSERT INTO LOAN_PAYMENT VALUES ( 'LP0410', 'T0044', '2021-06-12', '2166666.67');
INSERT INTO LOAN_PAYMENT VALUES ( 'LP0411', 'T0048', '2021-06-12', '162500');
INSERT INTO LOAN_PAYMENT VALUES ( 'LP0412', 'T0052', '2021-06-12', '2166666.67');
INSERT INTO LOAN_PAYMENT VALUES ( 'LP0413', 'T0063', '2021-06-12', '201666.67');
INSERT INTO LOAN_PAYMENT VALUES ( 'LP0414', 'T0055', '2021-06-14', '201666.67');
INSERT INTO LOAN_PAYMENT VALUES ( 'LP0415', 'T0060', '2021-06-14', '100833.33');
INSERT INTO LOAN_PAYMENT VALUES ( 'LP0416', 'T0069', '2021-06-14', '54166.67');
INSERT INTO LOAN_PAYMENT VALUES ( 'LP0417', 'T0066', '2021-06-18', '1625000');
INSERT INTO LOAN_PAYMENT VALUES ( 'LP0418', 'T0047', '2021-06-19', '162500');
INSERT INTO LOAN_PAYMENT VALUES ( 'LP0419', 'T0068', '2021-06-19', '2016666.67');
INSERT INTO LOAN_PAYMENT VALUES ( 'LP0420', 'T0062', '2021-06-25', '30250');
INSERT INTO LOAN_PAYMENT VALUES ( 'LP0421', 'T0065', '2021-06-25', '270833.33');
INSERT INTO LOAN_PAYMENT VALUES ( 'LP0422', 'T0067', '2021-06-25', '3800000');
INSERT INTO LOAN_PAYMENT VALUES ( 'LP0423', 'T0049', '2021-06-26', '1625000');
INSERT INTO LOAN_PAYMENT VALUES ( 'LP0424', 'T0056', '2021-06-27', '50416.67');
INSERT INTO LOAN_PAYMENT VALUES ( 'LP0425', 'T0057', '2021-06-27', '806666.67');
INSERT INTO LOAN_PAYMENT VALUES ( 'LP0426', 'T0059', '2021-06-27', '1008333.33');
INSERT INTO LOAN_PAYMENT VALUES ( 'LP0427', 'T0070', '2021-06-27', '2016666.67');
INSERT INTO LOAN_PAYMENT VALUES ( 'LP0428', 'T0045', '2021-07-09', '54166.67');
INSERT INTO LOAN_PAYMENT VALUES ( 'LP0429', 'T0044', '2021-07-10', '2166666.67');
INSERT INTO LOAN_PAYMENT VALUES ( 'LP0430', 'T0054', '2021-07-10', '108333.33');
INSERT INTO LOAN_PAYMENT VALUES ( 'LP0431', 'T0046', '2021-07-12', '216666.67');
INSERT INTO LOAN_PAYMENT VALUES ( 'LP0432', 'T0052', '2021-07-13', '2166666.67');
INSERT INTO LOAN_PAYMENT VALUES ( 'LP0433', 'T0063', '2021-07-13', '201666.67');
INSERT INTO LOAN_PAYMENT VALUES ( 'LP0434', 'T0048', '2021-07-14', '162500');
INSERT INTO LOAN_PAYMENT VALUES ( 'LP0435', 'T0060', '2021-07-14', '100833.33');
INSERT INTO LOAN_PAYMENT VALUES ( 'LP0436', 'T0061', '2021-07-14', '1008333.33');
INSERT INTO LOAN_PAYMENT VALUES ( 'LP0437', 'T0069', '2021-07-14', '54166.67');
INSERT INTO LOAN_PAYMENT VALUES ( 'LP0438', 'T0066', '2021-07-18', '1625000');
INSERT INTO LOAN_PAYMENT VALUES ( 'LP0439', 'T0049', '2021-07-19', '1625000');
INSERT INTO LOAN_PAYMENT VALUES ( 'LP0440', 'T0068', '2021-07-23', '2016666.67');
INSERT INTO LOAN_PAYMENT VALUES ( 'LP0441', 'T0070', '2021-07-23', '2016666.67');
INSERT INTO LOAN_PAYMENT VALUES ( 'LP0442', 'T0047', '2021-07-24', '162500');
INSERT INTO LOAN_PAYMENT VALUES ( 'LP0443', 'T0071', '2021-07-25', '3800000');
INSERT INTO LOAN_PAYMENT VALUES ( 'LP0444', 'T0062', '2021-07-27', '30250');
INSERT INTO LOAN_PAYMENT VALUES ( 'LP0445', 'T0065', '2021-07-27', '270833.33');
INSERT INTO LOAN_PAYMENT VALUES ( 'LP0446', 'T0054', '2021-08-05', '108333.33');
INSERT INTO LOAN_PAYMENT VALUES ( 'LP0447', 'T0048', '2021-08-11', '162500');
INSERT INTO LOAN_PAYMENT VALUES ( 'LP0448', 'T0052', '2021-08-11', '2166666.67');
INSERT INTO LOAN_PAYMENT VALUES ( 'LP0449', 'T0045', '2021-08-13', '54166.67');
INSERT INTO LOAN_PAYMENT VALUES ( 'LP0450', 'T0046', '2021-08-13', '216666.67');
INSERT INTO LOAN_PAYMENT VALUES ( 'LP0451', 'T0060', '2021-08-13', '100833.33');
INSERT INTO LOAN_PAYMENT VALUES ( 'LP0452', 'T0063', '2021-08-13', '201666.67');
INSERT INTO LOAN_PAYMENT VALUES ( 'LP0453', 'T0069', '2021-08-13', '54166.67');
INSERT INTO LOAN_PAYMENT VALUES ( 'LP0454', 'T0044', '2021-08-14', '2166666.67');
INSERT INTO LOAN_PAYMENT VALUES ( 'LP0455', 'T0066', '2021-08-17', '1625000');
INSERT INTO LOAN_PAYMENT VALUES ( 'LP0456', 'T0047', '2021-08-21', '162500');
INSERT INTO LOAN_PAYMENT VALUES ( 'LP0457', 'T0068', '2021-08-23', '2016666.67');
INSERT INTO LOAN_PAYMENT VALUES ( 'LP0458', 'T0070', '2021-08-24', '2016666.67');
INSERT INTO LOAN_PAYMENT VALUES ( 'LP0459', 'T0071', '2021-08-24', '3800000');
INSERT INTO LOAN_PAYMENT VALUES ( 'LP0460', 'T0049', '2021-08-26', '1625000');
INSERT INTO LOAN_PAYMENT VALUES ( 'LP0461', 'T0065', '2021-08-27', '270833.33');
INSERT INTO LOAN_PAYMENT VALUES ( 'LP0462', 'T0072', '2021-08-27', '270833.33');
INSERT INTO LOAN_PAYMENT VALUES ( 'LP0463', 'T0052', '2021-09-11', '2166666.67');
INSERT INTO LOAN_PAYMENT VALUES ( 'LP0464', 'T0073', '2021-09-11', '190000');
INSERT INTO LOAN_PAYMENT VALUES ( 'LP0465', 'T0060', '2021-09-12', '100833.33');
INSERT INTO LOAN_PAYMENT VALUES ( 'LP0466', 'T0069', '2021-09-12', '54166.67');
INSERT INTO LOAN_PAYMENT VALUES ( 'LP0467', 'T0075', '2021-09-12', '705833.33');
INSERT INTO LOAN_PAYMENT VALUES ( 'LP0468', 'T0054', '2021-09-13', '108333.33');
INSERT INTO LOAN_PAYMENT VALUES ( 'LP0469', 'T0048', '2021-09-14', '162500');
INSERT INTO LOAN_PAYMENT VALUES ( 'LP0470', 'T0074', '2021-09-14', '950000');
INSERT INTO LOAN_PAYMENT VALUES ( 'LP0471', 'T0066', '2021-09-16', '1625000');
INSERT INTO LOAN_PAYMENT VALUES ( 'LP0472', 'T0068', '2021-09-24', '2016666.67');
INSERT INTO LOAN_PAYMENT VALUES ( 'LP0473', 'T0070', '2021-09-24', '2016666.67');
INSERT INTO LOAN_PAYMENT VALUES ( 'LP0474', 'T0072', '2021-09-24', '270833.33');
INSERT INTO LOAN_PAYMENT VALUES ( 'LP0475', 'T0049', '2021-09-27', '1625000');
INSERT INTO LOAN_PAYMENT VALUES ( 'LP0476', 'T0065', '2021-09-27', '270833.33');
INSERT INTO LOAN_PAYMENT VALUES ( 'LP0477', 'T0071', '2021-09-27', '3800000');
INSERT INTO LOAN_PAYMENT VALUES ( 'LP0478', 'T0074', '2021-10-06', '950000');
INSERT INTO LOAN_PAYMENT VALUES ( 'LP0479', 'T0073', '2021-10-09', '190000');
INSERT INTO LOAN_PAYMENT VALUES ( 'LP0480', 'T0052', '2021-10-11', '2166666.67');
INSERT INTO LOAN_PAYMENT VALUES ( 'LP0481', 'T0060', '2021-10-11', '100833.33');
INSERT INTO LOAN_PAYMENT VALUES ( 'LP0482', 'T0076', '2021-10-11', '81250');
INSERT INTO LOAN_PAYMENT VALUES ( 'LP0483', 'T0054', '2021-10-13', '108333.33');
INSERT INTO LOAN_PAYMENT VALUES ( 'LP0484', 'T0069', '2021-10-14', '54166.67');
INSERT INTO LOAN_PAYMENT VALUES ( 'LP0485', 'T0075', '2021-10-14', '705833.33');
INSERT INTO LOAN_PAYMENT VALUES ( 'LP0486', 'T0066', '2021-10-16', '1625000');
INSERT INTO LOAN_PAYMENT VALUES ( 'LP0487', 'T0070', '2021-10-18', '2016666.67');
INSERT INTO LOAN_PAYMENT VALUES ( 'LP0488', 'T0072', '2021-10-23', '270833.33');
INSERT INTO LOAN_PAYMENT VALUES ( 'LP0489', 'T0077', '2021-10-26', '54166.67');
INSERT INTO LOAN_PAYMENT VALUES ( 'LP0490', 'T0065', '2021-10-27', '270833.33');
INSERT INTO LOAN_PAYMENT VALUES ( 'LP0491', 'T0068', '2021-10-27', '2016666.67');
INSERT INTO LOAN_PAYMENT VALUES ( 'LP0492', 'T0060', '2021-11-10', '100833.33');
INSERT INTO LOAN_PAYMENT VALUES ( 'LP0493', 'T0074', '2021-11-11', '950000');
INSERT INTO LOAN_PAYMENT VALUES ( 'LP0494', 'T0075', '2021-11-11', '705833.33');
INSERT INTO LOAN_PAYMENT VALUES ( 'LP0495', 'T0054', '2021-11-12', '108333.33');
INSERT INTO LOAN_PAYMENT VALUES ( 'LP0496', 'T0078', '2021-11-12', '190000');
INSERT INTO LOAN_PAYMENT VALUES ( 'LP0497', 'T0076', '2021-11-13', '81250');
INSERT INTO LOAN_PAYMENT VALUES ( 'LP0498', 'T0052', '2021-11-14', '2166666.67');
INSERT INTO LOAN_PAYMENT VALUES ( 'LP0499', 'T0069', '2021-11-14', '54166.67');
INSERT INTO LOAN_PAYMENT VALUES ( 'LP0500', 'T0073', '2021-11-14', '190000');
INSERT INTO LOAN_PAYMENT VALUES ( 'LP0501', 'T0077', '2021-11-19', '54166.67');
INSERT INTO LOAN_PAYMENT VALUES ( 'LP0502', 'T0066', '2021-11-20', '1625000');
INSERT INTO LOAN_PAYMENT VALUES ( 'LP0503', 'T0072', '2021-11-22', '270833.33');
INSERT INTO LOAN_PAYMENT VALUES ( 'LP0504', 'T0065', '2021-11-23', '270833.33');
INSERT INTO LOAN_PAYMENT VALUES ( 'LP0505', 'T0079', '2021-11-24', '3420000');
INSERT INTO LOAN_PAYMENT VALUES ( 'LP0506', 'T0070', '2021-11-27', '2016666.67');
INSERT INTO LOAN_PAYMENT VALUES ( 'LP0507', 'T0076', '2021-12-09', '81250');
INSERT INTO LOAN_PAYMENT VALUES ( 'LP0508', 'T0080', '2021-12-09', '1083333.33');
INSERT INTO LOAN_PAYMENT VALUES ( 'LP0509', 'T0060', '2021-12-11', '100833.33');
INSERT INTO LOAN_PAYMENT VALUES ( 'LP0510', 'T0078', '2021-12-11', '190000');
INSERT INTO LOAN_PAYMENT VALUES ( 'LP0511', 'T0054', '2021-12-12', '108333.33');
INSERT INTO LOAN_PAYMENT VALUES ( 'LP0512', 'T0075', '2021-12-13', '705833.33');
INSERT INTO LOAN_PAYMENT VALUES ( 'LP0513', 'T0052', '2021-12-14', '2166666.67');
INSERT INTO LOAN_PAYMENT VALUES ( 'LP0514', 'T0069', '2021-12-14', '54166.67');
INSERT INTO LOAN_PAYMENT VALUES ( 'LP0515', 'T0081', '2021-12-14', '650000');
INSERT INTO LOAN_PAYMENT VALUES ( 'LP0516', 'T0066', '2021-12-20', '1625000');
INSERT INTO LOAN_PAYMENT VALUES ( 'LP0517', 'T0082', '2021-12-20', '270833.33');
INSERT INTO LOAN_PAYMENT VALUES ( 'LP0518', 'T0072', '2021-12-22', '270833.33');
INSERT INTO LOAN_PAYMENT VALUES ( 'LP0519', 'T0083', '2021-12-22', '3025000');
INSERT INTO LOAN_PAYMENT VALUES ( 'LP0520', 'T0065', '2021-12-24', '270833.33');
INSERT INTO LOAN_PAYMENT VALUES ( 'LP0521', 'T0079', '2021-12-24', '3420000');
INSERT INTO LOAN_PAYMENT VALUES ( 'LP0522', 'T0077', '2021-12-27', '54166.67');
INSERT INTO LOAN_PAYMENT VALUES ( 'LP0523', 'T0075', '2022-01-10', '705833.33');
INSERT INTO LOAN_PAYMENT VALUES ( 'LP0524', 'T0080', '2022-01-10', '1083333.33');
INSERT INTO LOAN_PAYMENT VALUES ( 'LP0525', 'T0069', '2022-01-12', '54166.67');
INSERT INTO LOAN_PAYMENT VALUES ( 'LP0526', 'T0081', '2022-01-12', '650000');
INSERT INTO LOAN_PAYMENT VALUES ( 'LP0527', 'T0076', '2022-01-13', '81250');
INSERT INTO LOAN_PAYMENT VALUES ( 'LP0528', 'T0060', '2022-01-14', '100833.33');
INSERT INTO LOAN_PAYMENT VALUES ( 'LP0529', 'T0078', '2022-01-14', '190000');
INSERT INTO LOAN_PAYMENT VALUES ( 'LP0530', 'T0084', '2022-01-16', '201666.67');
INSERT INTO LOAN_PAYMENT VALUES ( 'LP0531', 'T0066', '2022-01-20', '1625000');
INSERT INTO LOAN_PAYMENT VALUES ( 'LP0532', 'T0072', '2022-01-20', '270833.33');
INSERT INTO LOAN_PAYMENT VALUES ( 'LP0533', 'T0082', '2022-01-20', '270833.33');
INSERT INTO LOAN_PAYMENT VALUES ( 'LP0534', 'T0077', '2022-01-22', '54166.67');
INSERT INTO LOAN_PAYMENT VALUES ( 'LP0535', 'T0079', '2022-01-23', '3420000');
INSERT INTO LOAN_PAYMENT VALUES ( 'LP0536', 'T0087', '2022-01-23', '403333.33');
INSERT INTO LOAN_PAYMENT VALUES ( 'LP0537', 'T0083', '2022-01-25', '3025000');
INSERT INTO LOAN_PAYMENT VALUES ( 'LP0538', 'T0086', '2022-01-26', '950000');
INSERT INTO LOAN_PAYMENT VALUES ( 'LP0539', 'T0065', '2022-01-27', '270833.33');
INSERT INTO LOAN_PAYMENT VALUES ( 'LP0540', 'T0085', '2022-01-27', '4033333.33');
INSERT INTO LOAN_PAYMENT VALUES ( 'LP0541', 'T0088', '2022-01-27', '380000');
INSERT INTO LOAN_PAYMENT VALUES ( 'LP0542', 'T0076', '2022-02-05', '81250');
INSERT INTO LOAN_PAYMENT VALUES ( 'LP0543', 'T0089', '2022-02-05', '100833.33');
INSERT INTO LOAN_PAYMENT VALUES ( 'LP0544', 'T0075', '2022-02-09', '705833.33');
INSERT INTO LOAN_PAYMENT VALUES ( 'LP0545', 'T0081', '2022-02-11', '650000');
INSERT INTO LOAN_PAYMENT VALUES ( 'LP0546', 'T0069', '2022-02-12', '54166.67');
INSERT INTO LOAN_PAYMENT VALUES ( 'LP0547', 'T0080', '2022-02-12', '1083333.33');
INSERT INTO LOAN_PAYMENT VALUES ( 'LP0548', 'T0090', '2022-02-14', '4033333.33');
INSERT INTO LOAN_PAYMENT VALUES ( 'LP0549', 'T0085', '2022-02-16', '4033333.33');
INSERT INTO LOAN_PAYMENT VALUES ( 'LP0550', 'T0088', '2022-02-19', '380000');
INSERT INTO LOAN_PAYMENT VALUES ( 'LP0551', 'T0084', '2022-02-20', '201666.67');
INSERT INTO LOAN_PAYMENT VALUES ( 'LP0552', 'T0077', '2022-02-21', '54166.67');
INSERT INTO LOAN_PAYMENT VALUES ( 'LP0553', 'T0072', '2022-02-22', '270833.33');
INSERT INTO LOAN_PAYMENT VALUES ( 'LP0554', 'T0087', '2022-02-24', '403333.33');
INSERT INTO LOAN_PAYMENT VALUES ( 'LP0555', 'T0066', '2022-02-25', '1625000');
INSERT INTO LOAN_PAYMENT VALUES ( 'LP0556', 'T0082', '2022-02-25', '270833.33');
INSERT INTO LOAN_PAYMENT VALUES ( 'LP0557', 'T0091', '2022-02-25', '50416.67');
INSERT INTO LOAN_PAYMENT VALUES ( 'LP0558', 'T0083', '2022-02-26', '3025000');
INSERT INTO LOAN_PAYMENT VALUES ( 'LP0559', 'T0086', '2022-02-26', '950000');
INSERT INTO LOAN_PAYMENT VALUES ( 'LP0560', 'T0065', '2022-02-27', '270833.33');
INSERT INTO LOAN_PAYMENT VALUES ( 'LP0561', 'T0080', '2022-03-05', '1083333.33');
INSERT INTO LOAN_PAYMENT VALUES ( 'LP0562', 'T0076', '2022-03-08', '81250');
INSERT INTO LOAN_PAYMENT VALUES ( 'LP0563', 'T0081', '2022-03-09', '650000');
INSERT INTO LOAN_PAYMENT VALUES ( 'LP0564', 'T0089', '2022-03-11', '100833.33');
INSERT INTO LOAN_PAYMENT VALUES ( 'LP0565', 'T0092', '2022-03-12', '190000');
INSERT INTO LOAN_PAYMENT VALUES ( 'LP0566', 'T0069', '2022-03-14', '54166.67');
INSERT INTO LOAN_PAYMENT VALUES ( 'LP0567', 'T0090', '2022-03-15', '4033333.33');
INSERT INTO LOAN_PAYMENT VALUES ( 'LP0568', 'T0085', '2022-03-16', '4033333.33');
INSERT INTO LOAN_PAYMENT VALUES ( 'LP0569', 'T0082', '2022-03-19', '270833.33');
INSERT INTO LOAN_PAYMENT VALUES ( 'LP0570', 'T0084', '2022-03-20', '201666.67');
INSERT INTO LOAN_PAYMENT VALUES ( 'LP0571', 'T0077', '2022-03-23', '54166.67');
INSERT INTO LOAN_PAYMENT VALUES ( 'LP0572', 'T0087', '2022-03-24', '403333.33');
INSERT INTO LOAN_PAYMENT VALUES ( 'LP0573', 'T0066', '2022-03-25', '1625000');
INSERT INTO LOAN_PAYMENT VALUES ( 'LP0574', 'T0091', '2022-03-25', '50416.67');
INSERT INTO LOAN_PAYMENT VALUES ( 'LP0575', 'T0083', '2022-03-26', '3025000');
INSERT INTO LOAN_PAYMENT VALUES ( 'LP0576', 'T0072', '2022-03-27', '270833.33');
INSERT INTO LOAN_PAYMENT VALUES ( 'LP0577', 'T0086', '2022-03-27', '950000');
INSERT INTO LOAN_PAYMENT VALUES ( 'LP0578', 'T0088', '2022-03-27', '380000');
INSERT INTO LOAN_PAYMENT VALUES ( 'LP0579', 'T0069', '2022-04-05', '54166.67');
INSERT INTO LOAN_PAYMENT VALUES ( 'LP0580', 'T0080', '2022-04-06', '1083333.33');
INSERT INTO LOAN_PAYMENT VALUES ( 'LP0581', 'T0089', '2022-04-09', '100833.33');
INSERT INTO LOAN_PAYMENT VALUES ( 'LP0582', 'T0076', '2022-04-12', '81250');
INSERT INTO LOAN_PAYMENT VALUES ( 'LP0583', 'T0092', '2022-04-12', '190000');
INSERT INTO LOAN_PAYMENT VALUES ( 'LP0584', 'T0081', '2022-04-13', '650000');
INSERT INTO LOAN_PAYMENT VALUES ( 'LP0585', 'T0090', '2022-04-14', '4033333.33');
INSERT INTO LOAN_PAYMENT VALUES ( 'LP0586', 'T0082', '2022-04-19', '270833.33');
INSERT INTO LOAN_PAYMENT VALUES ( 'LP0587', 'T0085', '2022-04-19', '4033333.33');
INSERT INTO LOAN_PAYMENT VALUES ( 'LP0588', 'T0077', '2022-04-23', '54166.67');
INSERT INTO LOAN_PAYMENT VALUES ( 'LP0589', 'T0072', '2022-04-25', '270833.33');
INSERT INTO LOAN_PAYMENT VALUES ( 'LP0590', 'T0084', '2022-04-25', '201666.67');
INSERT INTO LOAN_PAYMENT VALUES ( 'LP0591', 'T0093', '2022-04-25', '201666.67');
INSERT INTO LOAN_PAYMENT VALUES ( 'LP0592', 'T0091', '2022-04-26', '50416.67');
INSERT INTO LOAN_PAYMENT VALUES ( 'LP0593', 'T0083', '2022-04-27', '3025000');
INSERT INTO LOAN_PAYMENT VALUES ( 'LP0594', 'T0087', '2022-04-27', '403333.33');
INSERT INTO LOAN_PAYMENT VALUES ( 'LP0595', 'T0080', '2022-05-08', '1083333.33');
INSERT INTO LOAN_PAYMENT VALUES ( 'LP0596', 'T0089', '2022-05-12', '100833.33');
INSERT INTO LOAN_PAYMENT VALUES ( 'LP0597', 'T0090', '2022-05-12', '4033333.33');
INSERT INTO LOAN_PAYMENT VALUES ( 'LP0598', 'T0069', '2022-05-14', '54166.67');
INSERT INTO LOAN_PAYMENT VALUES ( 'LP0599', 'T0076', '2022-05-14', '81250');
INSERT INTO LOAN_PAYMENT VALUES ( 'LP0600', 'T0081', '2022-05-14', '650000');
INSERT INTO LOAN_PAYMENT VALUES ( 'LP0601', 'T0092', '2022-05-14', '190000');
INSERT INTO LOAN_PAYMENT VALUES ( 'LP0602', 'T0095', '2022-05-17', '812500');
INSERT INTO LOAN_PAYMENT VALUES ( 'LP0603', 'T0082', '2022-05-18', '270833.33');
INSERT INTO LOAN_PAYMENT VALUES ( 'LP0604', 'T0085', '2022-05-19', '4033333.33');
INSERT INTO LOAN_PAYMENT VALUES ( 'LP0605', 'T0093', '2022-05-19', '201666.67');
INSERT INTO LOAN_PAYMENT VALUES ( 'LP0606', 'T0084', '2022-05-20', '201666.67');
INSERT INTO LOAN_PAYMENT VALUES ( 'LP0607', 'T0077', '2022-05-24', '54166.67');
INSERT INTO LOAN_PAYMENT VALUES ( 'LP0608', 'T0072', '2022-05-25', '270833.33');
INSERT INTO LOAN_PAYMENT VALUES ( 'LP0609', 'T0094', '2022-05-25', '1083333.33');
INSERT INTO LOAN_PAYMENT VALUES ( 'LP0610', 'T0087', '2022-05-26', '403333.33');
INSERT INTO LOAN_PAYMENT VALUES ( 'LP0611', 'T0091', '2022-05-26', '50416.67');
INSERT INTO LOAN_PAYMENT VALUES ( 'LP0612', 'T0083', '2022-05-27', '3025000');
INSERT INTO LOAN_PAYMENT VALUES ( 'LP0613', 'T0081', '2022-06-08', '650000');
INSERT INTO LOAN_PAYMENT VALUES ( 'LP0614', 'T0096', '2022-06-09', '380000');
INSERT INTO LOAN_PAYMENT VALUES ( 'LP0615', 'T0080', '2022-06-11', '1083333.33');
INSERT INTO LOAN_PAYMENT VALUES ( 'LP0616', 'T0097', '2022-06-11', '4750000');
INSERT INTO LOAN_PAYMENT VALUES ( 'LP0617', 'T0090', '2022-06-12', '4033333.33');
INSERT INTO LOAN_PAYMENT VALUES ( 'LP0618', 'T0076', '2022-06-14', '81250');
INSERT INTO LOAN_PAYMENT VALUES ( 'LP0619', 'T0089', '2022-06-16', '100833.33');
INSERT INTO LOAN_PAYMENT VALUES ( 'LP0620', 'T0093', '2022-06-16', '201666.67');
INSERT INTO LOAN_PAYMENT VALUES ( 'LP0621', 'T0082', '2022-06-18', '270833.33');
INSERT INTO LOAN_PAYMENT VALUES ( 'LP0622', 'T0100', '2022-06-18', '403333.33');
INSERT INTO LOAN_PAYMENT VALUES ( 'LP0623', 'T0085', '2022-06-20', '4033333.33');
INSERT INTO LOAN_PAYMENT VALUES ( 'LP0624', 'T0099', '2022-06-20', '907500');
INSERT INTO LOAN_PAYMENT VALUES ( 'LP0625', 'T0091', '2022-06-23', '50416.67');
INSERT INTO LOAN_PAYMENT VALUES ( 'LP0626', 'T0095', '2022-06-23', '812500');
INSERT INTO LOAN_PAYMENT VALUES ( 'LP0627', 'T0077', '2022-06-25', '54166.67');
INSERT INTO LOAN_PAYMENT VALUES ( 'LP0628', 'T0094', '2022-06-25', '1083333.33');
INSERT INTO LOAN_PAYMENT VALUES ( 'LP0629', 'T0098', '2022-06-25', '75833.33');
INSERT INTO LOAN_PAYMENT VALUES ( 'LP0630', 'T0101', '2022-06-26', '760000');
INSERT INTO LOAN_PAYMENT VALUES ( 'LP0631', 'T0072', '2022-06-27', '270833.33');
INSERT INTO LOAN_PAYMENT VALUES ( 'LP0632', 'T0084', '2022-06-27', '201666.67');
INSERT INTO LOAN_PAYMENT VALUES ( 'LP0633', 'T0087', '2022-06-27', '403333.33');
INSERT INTO LOAN_PAYMENT VALUES ( 'LP0634', 'T0096', '2022-07-08', '380000');
INSERT INTO LOAN_PAYMENT VALUES ( 'LP0635', 'T0080', '2022-07-10', '1083333.33');
INSERT INTO LOAN_PAYMENT VALUES ( 'LP0636', 'T0076', '2022-07-12', '81250');
INSERT INTO LOAN_PAYMENT VALUES ( 'LP0637', 'T0097', '2022-07-12', '4750000');
INSERT INTO LOAN_PAYMENT VALUES ( 'LP0638', 'T0102', '2022-07-13', '54166.67');
INSERT INTO LOAN_PAYMENT VALUES ( 'LP0639', 'T0081', '2022-07-14', '650000');
INSERT INTO LOAN_PAYMENT VALUES ( 'LP0640', 'T0089', '2022-07-14', '100833.33');
INSERT INTO LOAN_PAYMENT VALUES ( 'LP0641', 'T0090', '2022-07-14', '4033333.33');
INSERT INTO LOAN_PAYMENT VALUES ( 'LP0642', 'T0103', '2022-07-16', '190000');
INSERT INTO LOAN_PAYMENT VALUES ( 'LP0643', 'T0082', '2022-07-17', '270833.33');
INSERT INTO LOAN_PAYMENT VALUES ( 'LP0644', 'T0093', '2022-07-19', '201666.67');
INSERT INTO LOAN_PAYMENT VALUES ( 'LP0645', 'T0100', '2022-07-19', '403333.33');
INSERT INTO LOAN_PAYMENT VALUES ( 'LP0646', 'T0099', '2022-07-23', '907500');
INSERT INTO LOAN_PAYMENT VALUES ( 'LP0647', 'T0101', '2022-07-24', '760000');
INSERT INTO LOAN_PAYMENT VALUES ( 'LP0648', 'T0098', '2022-07-25', '75833.33');
INSERT INTO LOAN_PAYMENT VALUES ( 'LP0649', 'T0077', '2022-07-26', '54166.67');
INSERT INTO LOAN_PAYMENT VALUES ( 'LP0650', 'T0094', '2022-07-26', '1083333.33');
INSERT INTO LOAN_PAYMENT VALUES ( 'LP0651', 'T0072', '2022-07-27', '270833.33');
INSERT INTO LOAN_PAYMENT VALUES ( 'LP0652', 'T0091', '2022-07-27', '50416.67');
INSERT INTO LOAN_PAYMENT VALUES ( 'LP0653', 'T0095', '2022-07-27', '812500');
INSERT INTO LOAN_PAYMENT VALUES ( 'LP0654', 'T0096', '2022-08-11', '380000');
INSERT INTO LOAN_PAYMENT VALUES ( 'LP0655', 'T0080', '2022-08-12', '1083333.33');
INSERT INTO LOAN_PAYMENT VALUES ( 'LP0656', 'T0102', '2022-08-12', '54166.67');
INSERT INTO LOAN_PAYMENT VALUES ( 'LP0657', 'T0076', '2022-08-13', '81250');
INSERT INTO LOAN_PAYMENT VALUES ( 'LP0658', 'T0081', '2022-08-13', '650000');
INSERT INTO LOAN_PAYMENT VALUES ( 'LP0659', 'T0097', '2022-08-14', '4750000');
INSERT INTO LOAN_PAYMENT VALUES ( 'LP0660', 'T0082', '2022-08-17', '270833.33');
INSERT INTO LOAN_PAYMENT VALUES ( 'LP0661', 'T0094', '2022-08-17', '1083333.33');
INSERT INTO LOAN_PAYMENT VALUES ( 'LP0662', 'T0099', '2022-08-18', '907500');
INSERT INTO LOAN_PAYMENT VALUES ( 'LP0663', 'T0098', '2022-08-19', '75833.33');
INSERT INTO LOAN_PAYMENT VALUES ( 'LP0664', 'T0103', '2022-08-20', '190000');
INSERT INTO LOAN_PAYMENT VALUES ( 'LP0665', 'T0100', '2022-08-22', '403333.33');
INSERT INTO LOAN_PAYMENT VALUES ( 'LP0666', 'T0101', '2022-08-22', '760000');
INSERT INTO LOAN_PAYMENT VALUES ( 'LP0667', 'T0095', '2022-08-24', '812500');
INSERT INTO LOAN_PAYMENT VALUES ( 'LP0668', 'T0077', '2022-08-27', '54166.67');
INSERT INTO LOAN_PAYMENT VALUES ( 'LP0669', 'T0093', '2022-08-27', '201666.67');
INSERT INTO LOAN_PAYMENT VALUES ( 'LP0670', 'T0104', '2022-08-27', '20166.67');
INSERT INTO LOAN_PAYMENT VALUES ( 'LP0671', 'T0105', '2022-08-27', '60500');
INSERT INTO LOAN_PAYMENT VALUES ( 'LP0672', 'T0106', '2022-09-04', '433333.33');
INSERT INTO LOAN_PAYMENT VALUES ( 'LP0673', 'T0107', '2022-09-09', '242000');
INSERT INTO LOAN_PAYMENT VALUES ( 'LP0674', 'T0081', '2022-09-11', '650000');
INSERT INTO LOAN_PAYMENT VALUES ( 'LP0675', 'T0076', '2022-09-12', '81250');
INSERT INTO LOAN_PAYMENT VALUES ( 'LP0676', 'T0080', '2022-09-12', '1083333.33');
INSERT INTO LOAN_PAYMENT VALUES ( 'LP0677', 'T0108', '2022-09-13', '50416.67');
INSERT INTO LOAN_PAYMENT VALUES ( 'LP0678', 'T0082', '2022-09-14', '270833.33');
INSERT INTO LOAN_PAYMENT VALUES ( 'LP0679', 'T0102', '2022-09-14', '54166.67');
INSERT INTO LOAN_PAYMENT VALUES ( 'LP0680', 'T0098', '2022-09-16', '75833.33');
INSERT INTO LOAN_PAYMENT VALUES ( 'LP0681', 'T0105', '2022-09-17', '60500');
INSERT INTO LOAN_PAYMENT VALUES ( 'LP0682', 'T0099', '2022-09-19', '907500');
INSERT INTO LOAN_PAYMENT VALUES ( 'LP0683', 'T0104', '2022-09-22', '20166.67');
INSERT INTO LOAN_PAYMENT VALUES ( 'LP0684', 'T0109', '2022-09-22', '21666.67');
INSERT INTO LOAN_PAYMENT VALUES ( 'LP0685', 'T0077', '2022-09-23', '54166.67');
INSERT INTO LOAN_PAYMENT VALUES ( 'LP0686', 'T0094', '2022-09-23', '1083333.33');
INSERT INTO LOAN_PAYMENT VALUES ( 'LP0687', 'T0100', '2022-09-23', '403333.33');
INSERT INTO LOAN_PAYMENT VALUES ( 'LP0688', 'T0095', '2022-09-25', '812500');
INSERT INTO LOAN_PAYMENT VALUES ( 'LP0689', 'T0093', '2022-09-27', '201666.67');
INSERT INTO LOAN_PAYMENT VALUES ( 'LP0690', 'T0103', '2022-09-27', '190000');
INSERT INTO LOAN_PAYMENT VALUES ( 'LP0691', 'T0106', '2022-10-01', '433333.33');
INSERT INTO LOAN_PAYMENT VALUES ( 'LP0692', 'T0108', '2022-10-01', '50416.67');
INSERT INTO LOAN_PAYMENT VALUES ( 'LP0693', 'T0107', '2022-10-04', '242000');
INSERT INTO LOAN_PAYMENT VALUES ( 'LP0694', 'T0081', '2022-10-10', '650000');
INSERT INTO LOAN_PAYMENT VALUES ( 'LP0695', 'T0102', '2022-10-10', '54166.67');
INSERT INTO LOAN_PAYMENT VALUES ( 'LP0696', 'T0110', '2022-10-12', '3025000');
INSERT INTO LOAN_PAYMENT VALUES ( 'LP0697', 'T0080', '2022-10-14', '1083333.33');
INSERT INTO LOAN_PAYMENT VALUES ( 'LP0698', 'T0104', '2022-10-18', '20166.67');
INSERT INTO LOAN_PAYMENT VALUES ( 'LP0699', 'T0094', '2022-10-19', '1083333.33');
INSERT INTO LOAN_PAYMENT VALUES ( 'LP0700', 'T0105', '2022-10-20', '60500');
INSERT INTO LOAN_PAYMENT VALUES ( 'LP0701', 'T0111', '2022-10-24', '190000');
INSERT INTO LOAN_PAYMENT VALUES ( 'LP0702', 'T0113', '2022-10-24', '2166666.67');
INSERT INTO LOAN_PAYMENT VALUES ( 'LP0703', 'T0082', '2022-10-25', '270833.33');
INSERT INTO LOAN_PAYMENT VALUES ( 'LP0704', 'T0109', '2022-10-25', '21666.67');
INSERT INTO LOAN_PAYMENT VALUES ( 'LP0705', 'T0100', '2022-10-26', '403333.33');
INSERT INTO LOAN_PAYMENT VALUES ( 'LP0706', 'T0112', '2022-10-26', '758333.33');
INSERT INTO LOAN_PAYMENT VALUES ( 'LP0707', 'T0095', '2022-10-27', '812500');
INSERT INTO LOAN_PAYMENT VALUES ( 'LP0708', 'T0098', '2022-10-27', '75833.33');
INSERT INTO LOAN_PAYMENT VALUES ( 'LP0709', 'T0099', '2022-10-27', '907500');
INSERT INTO LOAN_PAYMENT VALUES ( 'LP0710', 'T0107', '2022-11-02', '242000');
INSERT INTO LOAN_PAYMENT VALUES ( 'LP0711', 'T0108', '2022-11-04', '50416.67');
INSERT INTO LOAN_PAYMENT VALUES ( 'LP0712', 'T0114', '2022-11-08', '2016666.67');
INSERT INTO LOAN_PAYMENT VALUES ( 'LP0713', 'T0102', '2022-11-09', '54166.67');
INSERT INTO LOAN_PAYMENT VALUES ( 'LP0714', 'T0115', '2022-11-09', '151250');
INSERT INTO LOAN_PAYMENT VALUES ( 'LP0715', 'T0081', '2022-11-12', '650000');
INSERT INTO LOAN_PAYMENT VALUES ( 'LP0716', 'T0080', '2022-11-14', '1083333.33');
INSERT INTO LOAN_PAYMENT VALUES ( 'LP0717', 'T0106', '2022-11-14', '433333.33');
INSERT INTO LOAN_PAYMENT VALUES ( 'LP0718', 'T0110', '2022-11-14', '3025000');
INSERT INTO LOAN_PAYMENT VALUES ( 'LP0719', 'T0109', '2022-11-19', '21666.67');
INSERT INTO LOAN_PAYMENT VALUES ( 'LP0720', 'T0112', '2022-11-19', '758333.33');
INSERT INTO LOAN_PAYMENT VALUES ( 'LP0721', 'T0104', '2022-11-22', '20166.67');
INSERT INTO LOAN_PAYMENT VALUES ( 'LP0722', 'T0105', '2022-11-22', '60500');
INSERT INTO LOAN_PAYMENT VALUES ( 'LP0723', 'T0095', '2022-11-24', '812500');
INSERT INTO LOAN_PAYMENT VALUES ( 'LP0724', 'T0099', '2022-11-25', '907500');
INSERT INTO LOAN_PAYMENT VALUES ( 'LP0725', 'T0100', '2022-11-25', '403333.33');
INSERT INTO LOAN_PAYMENT VALUES ( 'LP0726', 'T0113', '2022-11-25', '2166666.67');
INSERT INTO LOAN_PAYMENT VALUES ( 'LP0727', 'T0098', '2022-11-26', '75833.33');
INSERT INTO LOAN_PAYMENT VALUES ( 'LP0728', 'T0111', '2022-11-26', '190000');
INSERT INTO LOAN_PAYMENT VALUES ( 'LP0729', 'T0082', '2022-11-27', '270833.33');
INSERT INTO LOAN_PAYMENT VALUES ( 'LP0730', 'T0094', '2022-11-27', '1083333.33');
INSERT INTO LOAN_PAYMENT VALUES ( 'LP0731', 'T0108', '2022-12-05', '50416.67');
INSERT INTO LOAN_PAYMENT VALUES ( 'LP0732', 'T0107', '2022-12-07', '242000');
INSERT INTO LOAN_PAYMENT VALUES ( 'LP0733', 'T0116', '2022-12-10', '1210000');
INSERT INTO LOAN_PAYMENT VALUES ( 'LP0734', 'T0106', '2022-12-11', '433333.33');
INSERT INTO LOAN_PAYMENT VALUES ( 'LP0735', 'T0115', '2022-12-11', '151250');
INSERT INTO LOAN_PAYMENT VALUES ( 'LP0736', 'T0117', '2022-12-11', '10833.33');
INSERT INTO LOAN_PAYMENT VALUES ( 'LP0737', 'T0110', '2022-12-13', '3025000');
INSERT INTO LOAN_PAYMENT VALUES ( 'LP0738', 'T0102', '2022-12-14', '54166.67');
INSERT INTO LOAN_PAYMENT VALUES ( 'LP0739', 'T0114', '2022-12-14', '2016666.67');
INSERT INTO LOAN_PAYMENT VALUES ( 'LP0740', 'T0112', '2022-12-18', '758333.33');
INSERT INTO LOAN_PAYMENT VALUES ( 'LP0741', 'T0118', '2022-12-19', '3800000');
INSERT INTO LOAN_PAYMENT VALUES ( 'LP0742', 'T0109', '2022-12-21', '21666.67');
INSERT INTO LOAN_PAYMENT VALUES ( 'LP0743', 'T0113', '2022-12-21', '2166666.67');
INSERT INTO LOAN_PAYMENT VALUES ( 'LP0744', 'T0094', '2022-12-24', '1083333.33');
INSERT INTO LOAN_PAYMENT VALUES ( 'LP0745', 'T0098', '2022-12-24', '75833.33');
INSERT INTO LOAN_PAYMENT VALUES ( 'LP0746', 'T0105', '2022-12-25', '60500');
INSERT INTO LOAN_PAYMENT VALUES ( 'LP0747', 'T0095', '2022-12-26', '812500');
INSERT INTO LOAN_PAYMENT VALUES ( 'LP0748', 'T0104', '2022-12-26', '20166.67');
INSERT INTO LOAN_PAYMENT VALUES ( 'LP0749', 'T0119', '2022-12-26', '3025000');